posting_id,job_title,company,location,experience,description,requirements,posted_date,source,job_url,scraped_at,salary_min,salary_max,employment_type,category,description_length,description_available,salary_available
adzuna_5875204655,DATA ANALYST,Training Basket,"Ator Nagla, Ghaziabad",,"One will work with large amounts of data related to user behavior via Internal Product feed. He/She will need to see through the data and analyze it to find conclusions. Collecting, analyzing, and developing KPI’s to identify key insights such as trends, potential risks, opportunities. Using modelling and analytics to understand how data impact campaign life-cycle. This may include assessing risks, determining fraud policies, or identifying inefficiencies in existing operations. Revenue Goal/Gr…",,2026-09-08 09:33:07+00:00,Adzuna,https://www.adzuna.in/details/5875204655?utm_medium=api&utm_source=8944a0ae,2026-09-08 06:06:17.010636+00:00,,,permanent,Accounting & Finance Jobs,500,True,False
adzuna_5874287845,Data Analyst,RENÉE Cosmetics,"Ahmedabad, Gujarat",,"About us: Timelessly inspired, endlessly enhanced- RENÉE Cosmetics is an Indian makeup brand that's redefining beauty with its range of high quality, cruelty-free and FDA-approved innovative range of products. RENÉE believes in empowering women to own and enjoy their bold, ambitious persona and let their glam do the talking . Job Overview: We are looking for a Data Analyst to support warehouse operations through data analysis, reporting, and performance tracking. The ideal candidate should be p…",,2026-09-07 22:11:54+00:00,Adzuna,https://www.adzuna.in/details/5874287845?utm_medium=api&utm_source=8944a0ae,2026-09-08 06:05:57.744901+00:00,,,permanent,IT Jobs,500,True,False
adzuna_5874134576,Data Analyst,KRFS,"Karnataka, India",,"We are looking for a Data Analyst who can collect, analyze, interpret, and visualize business and financial data to support strategic decision-making. The ideal candidate should have strong analytical skills, attention to detail, and the ability to convert complex data into meaningful business insights. Key Responsibilities Collect, clean, validate, and analyze data from multiple sources. Prepare regular and ad-hoc business performance reports. Develop dashboards and data visualizations for man…",,2026-09-07 18:37:51+00:00,Adzuna,https://www.adzuna.in/land/ad/5874134576?se=NF6LTUur8RGyxtY0rUukWA&utm_medium=api&utm_source=8944a0ae&v=C577AE65604914B37179B4F8E139D9AF02F18B8E,2026-09-08 06:05:34.103554+00:00,,,,IT Jobs,500,True,False
adzuna_5873277903,Senior Data Analyst,Keka HR,"Hyderabad, Telangana",,"Job description About Keka: Keka is India's 1 People Operations Platform, trusted by 8,500 businesses to manage their HR, payroll, attendance, and performance processes. We are on a mission to make HR delightful and we're looking for passionate people to help us scale that mission through world-class marketing. Role & responsibilities: Data Management: Collect, organize, and maintain large datasets from multiple sources. Ensure data accuracy, completeness, and consistency. Develop and implement…",,2026-09-07 00:53:19+00:00,Adzuna,https://www.adzuna.in/land/ad/5873277903?se=PLh2UEur8RGyxtY0rUukWA&utm_medium=api&utm_source=8944a0ae&v=E1610AE32271CD762AB6DE707FA3FDF6F53B865E,2026-09-08 06:05:39.142020+00:00,,,,IT Jobs,500,True,False
adzuna_5873204171,CDP - Data Analyst,Tekion,India,,"About Tekion: Positively disrupting an industry that has not seen any innovation in over 50 years, Tekion has challenged the paradigm with the first and fastest cloud-native automotive platform that includes the revolutionary Automotive Retail Cloud (ARC) for retailers, Automotive Enterprise Cloud (AEC) for manufacturers and other large automotive enterprises and Automotive Partner Cloud (APC) for technology and industry partners. Tekion connects the entire spectrum of the automotive retail eco…",,2026-09-06 21:24:43+00:00,Adzuna,https://www.adzuna.in/details/5873204171?utm_medium=api&utm_source=8944a0ae,2026-09-08 06:06:34.345403+00:00,,,full_time,IT Jobs,500,True,False
adzuna_5873073802,Data Engineer [T500-29176],CIBC India,"Hyderabad, Telangana",,"About CIBC: CIBC is a leading North American bank, with a history of more than 150 years of living our purpose - to help make your ambition a reality. Client relationships are at the center of our strategy, and our growth is enabled by a highly engaged and connected global team. From digital banking to community impact, we’re proud to drive progress for our clients and our communities. Recognized for our culture, award-winning innovation and community investment, CIBC continues to evolve by put…",,2026-09-06 18:33:47+00:00,Adzuna,https://www.adzuna.in/land/ad/5873073802?se=kEahV0ur8RGGPLEEriM0Iw&utm_medium=api&utm_source=8944a0ae&v=10020C6BC8D35468E13D429210F75A0B44D23AB4,2026-09-08 06:05:51.064717+00:00,,,,IT Jobs,500,True,False
adzuna_5873073745,Data Security Analyst Engineer,Takeda,"Bangalore, Karnataka",,"Skills and Qualifications: BS in Computer Science or related field, or equivalent work experience Minimum 3 year of relevant experience in a deep technical role using the following essential qualifications. Programming Skills: Proficiency in languages such as Python for integrations, automations, and policy/platform tooling (e.g., APIs, scripts, and CI/CD automation) AWS DevSecOps: Strong proficiency and knowledge of AWS Services and DevSecOps Pratice. Identity & Access: General knowledge of Id…",,2026-09-06 18:33:43+00:00,Adzuna,https://www.adzuna.in/land/ad/5873073745?se=sk5JU0ur8RGH8OtBJeYZ3A&utm_medium=api&utm_source=8944a0ae&v=FA30EEACC99ED34B11F690A06159FF2F776E042C,2026-09-08 06:05:44.095703+00:00,,,contract,IT Jobs,500,True,False
adzuna_5873073596,Senior Data Quality Analyst,VeonIT,India,,"Education & Experience Graduate with Min of 9 years of experience as Data Quality Analyst Knowledge, Skills & Abilities Proven track record improving data quality for a product, platform, or enterprise system. Experience identifying obsolete, dormant, or redundant data and defining safe archival / removal approaches. Exceptional attention to detail, with the discipline to spot subtle data inconsistencies, trace dependencies carefully, and validate findings before recommending changes. Strong gr…",,2026-09-06 18:33:30+00:00,Adzuna,https://www.adzuna.in/land/ad/5873073596?se=sk5JU0ur8RGH8OtBJeYZ3A&utm_medium=api&utm_source=8944a0ae&v=A05685C634C426C7B964617841F9673ED032A771,2026-09-08 06:05:44.095593+00:00,,,,IT Jobs,500,True,False
adzuna_5872825731,Data Analyst / Engineer,Kyndryl,"Bangalore, Karnataka",,"This job is with Kyndryl, an inclusive employer and a member of myGwork – the largest global platform for the LGBTQ business community. Please do not contact the recruiter directly. Who We Are At Kyndryl, we run and reimagine the mission-critical technology systems that drive advantage for the world's leading businesses. We are at the heart of progress; with proven expertise and a continuous flow of AI-powered insight, enabling smarter decisions, faster innovation, and a lasting competitive edg…",,2026-09-06 12:17:19+00:00,Adzuna,https://www.adzuna.in/land/ad/5872825731?se=PLh2UEur8RGyxtY0rUukWA&utm_medium=api&utm_source=8944a0ae&v=6A3630DB00B42B55FC02DEDCBB442C341FF10528,2026-09-08 06:05:39.141936+00:00,,,full_time,Accounting & Finance Jobs,500,True,False
adzuna_5872266164,Senior Healthcare Claims Data Validation Analyst (Manual QA)-India(Remote),PEER IT SOL,India,,"Job Summary We are seeking a Senior Healthcare Claims Data Validation Analyst with extensive experience in healthcare claims processing, data validation, and manual testing. The ideal candidate will be responsible for validating healthcare claims data, ensuring accuracy across systems, identifying processing defects, and supporting end-to-end claims lifecycle testing. Automation testing experience is a plus but not mandatory. Key Responsibilities Perform comprehensive manual testing of healthca…",,2026-09-06 00:51:19+00:00,Adzuna,https://www.adzuna.in/land/ad/5872266164?se=jOfPVEur8RGsJNkd9qy0NQ&utm_medium=api&utm_source=8944a0ae&v=0C866A37E373AD6E6330BF9F6631859A51EE8402,2026-09-08 06:05:46.299109+00:00,,,,IT Jobs,500,True,False
adzuna_5872200137,DATA ANALYST,Covaicareers.com,"Coimbatore, Tamil Nadu",,"Job Description Key Responsibilities: Collect, analyse, and interpret data to support business objectives and decision-making. Work with both structured and unstructured datasets to generate meaningful insights. Develop and maintain reports, dashboards, MIS reports, and performance summaries. Perform data validation, reconciliation, and quality checks to ensure accuracy and integrity. Identify trends, patterns, risks, and opportunities through detailed analysis. Prepare regular and ad-hoc repor…",,2026-09-05 22:15:01+00:00,Adzuna,https://www.adzuna.in/details/5872200137?utm_medium=api&utm_source=8944a0ae,2026-09-08 06:06:03.526056+00:00,,,permanent,IT Jobs,500,True,False
adzuna_5872098391,Data Analyst,Barclays,India,,"Job Description Purpose of the role To enable data-driven strategic and operational decision making through extracting actionable insights from large datasets, performing statistical and advanced analytics to uncover trends and patterns, and presenting findings through clear visualisations and reports. Accountabilities Investigation and analysis of data issues related to quality, lineage, controls, and authoritative source identification, documenting data sources, methodologies, and quality fin…",,2026-09-05 21:10:04+00:00,Adzuna,https://www.adzuna.in/details/5872098391?utm_medium=api&utm_source=8944a0ae,2026-09-08 06:06:03.526196+00:00,,,full_time,IT Jobs,500,True,False
adzuna_5871993046,Lead Data Engineer,TEKsystems Global Services in India,"Hyderabad, Telangana",,"Lead Data Engineer Notice period- Should be immediate only Experience -7 to 25 years Location- Hyderabad only Work mode- All 5 days' work from office CORE RESPONSIBILITIES • Hands-on delivery oversight: review pipelines, SQL, ETL/ELT logic, Spark jobs, reporting outputs and technical deliverables. • Mentor junior talent: coach data engineers, data analysts and data quality analysts through daily guidance, reviews and troubleshooting. • Data quality and controls: define validation, reconciliatio…",,2026-09-05 18:32:53+00:00,Adzuna,https://www.adzuna.in/land/ad/5871993046?se=jOfPVEur8RGsJNkd9qy0NQ&utm_medium=api&utm_source=8944a0ae&v=7C384746348DF26C114FF5DE4F3A90AB3176100B,2026-09-08 06:05:46.299284+00:00,,,,IT Jobs,500,True,False
adzuna_5871992907,GCP Data Analyst,Persistent Systems,"Hyderabad, Telangana",,"About Position: We are seeking a highly skilled Data Validation & Migration Analyst to support a critical wholesale banking data modernization initiative involving the migration of a large-scale data mart from Teradata (On-Premises) to Google Cloud Platform (GCP) BigQuery. The role requires deep expertise in data validation, SQL optimization, cloud migration testing, and data analytics to ensure the successful transition of business-critical data assets. Role: GCP Data Analyst Location: Hyderab…",,2026-09-05 18:32:38+00:00,Adzuna,https://www.adzuna.in/land/ad/5871992907?se=lB33Tkur8RGsJNkd9qy0NQ&utm_medium=api&utm_source=8944a0ae&v=4C7CEC97DF3A765158E36E9975710EA316B3228D,2026-09-08 06:05:36.693955+00:00,,,full_time,IT Jobs,500,True,False
adzuna_5871992384,Data Analyst / Reporting & Insights Analyst (Banking Domain),eClerx,"Mumbai, Maharashtra",,"We are looking for a Banking domain Data Analyst who can turn complex data into clear, decision-ready insights. The role involves advanced Excel & SQL analysis , Tableau , performance tracking , forecasting & budget tracking , and strong stakeholder management across multiple teams. Key Responsibilities Build and manage dashboards & reports using Tableau (preferred) or other BI tools (Power BI, Looker, etc.). SQL skills for data extraction and validation. Exposure to automation (Excel macros/VB…",,2026-09-05 18:31:23+00:00,Adzuna,https://www.adzuna.in/land/ad/5871992384?se=gBbnUUur8RGl-_JRamYmYw&utm_medium=api&utm_source=8944a0ae&v=CB5DFF87CBADA0003A05197BF67B5709D888BCE6,2026-09-08 06:05:41.415220+00:00,,,,IT Jobs,500,True,False
adzuna_5871992217,"MIS Executive (CTC 6-8 Lakhs, Mumbai)",CFOSME Corporate Services Pvt. Ltd.,"Mumbai, Maharashtra",,"We're hiring: MIS Executive / Data Analyst - CFOSME (Mumbai, In-office) - 2 openings CFOSME's InsightTrack service is only as good as the data underneath it. We're hiring MIS specialists to be the accuracy-and-timeliness backbone of our reporting engine. This is a hands-on data role for someone with an accounting foundation who genuinely enjoys clean numbers, tight dashboards, and reports that are right the first time. What you'll do Extract and consolidate data from Tally / Zoho / ERP, CRM, ba…",,2026-09-05 18:30:53+00:00,Adzuna,https://www.adzuna.in/land/ad/5871992217?se=jOfPVEur8RGsJNkd9qy0NQ&utm_medium=api&utm_source=8944a0ae&v=AE0EDEB7BB056A642B6A4DB5DFD75B79EFD23456,2026-09-08 06:05:46.299635+00:00,,,full_time,Accounting & Finance Jobs,500,True,False
adzuna_5871992153,Data Analyst – SQL/Power BI,Innover Digital,"Bangalore, Karnataka",,"About Us: Innover is an award-winning AI-first engineering firm, transforming businesses through Experience Engineering, Digital Engineering, and Process Engineering. Our interconnected competencies seamlessly deliver comprehensive industry solutions—Experience Engineering shapes visionary strategies, Digital Engineering brings them to life, and Process Engineering ensures flawless execution. With deep technical expertise and business acumen, we’ve empowered over 65 Fortune 1000 companies to ac…",,2026-09-05 18:30:45+00:00,Adzuna,https://www.adzuna.in/land/ad/5871992153?se=gBbnUUur8RGl-_JRamYmYw&utm_medium=api&utm_source=8944a0ae&v=D38EAB36DFA504A32C6A87E5B6D3513730E8F55D,2026-09-08 06:05:41.415047+00:00,,,,IT Jobs,500,True,False
adzuna_5871991986,Data Analyst – Power Platform,Innover Digital,"Bangalore, Karnataka",,"About Us: Innover is an award-winning AI-first engineering firm, transforming businesses through Experience Engineering, Digital Engineering, and Process Engineering. Our interconnected competencies seamlessly deliver comprehensive industry solutions—Experience Engineering shapes visionary strategies, Digital Engineering brings them to life, and Process Engineering ensures flawless execution. With deep technical expertise and business acumen, we’ve empowered over 65 Fortune 1000 companies to ac…",,2026-09-05 18:30:29+00:00,Adzuna,https://www.adzuna.in/land/ad/5871991986?se=PLh2UEur8RGyxtY0rUukWA&utm_medium=api&utm_source=8944a0ae&v=764AE7882F74129A8788815811ED825375A137DD,2026-09-08 06:05:39.142378+00:00,,,,Engineering Jobs,500,True,False
adzuna_5871991935,Data Analyst – Microsoft Fabric/Pyspark,Innover Digital,"Bangalore, Karnataka",,"About Us: Innover is an award-winning AI-first engineering firm, transforming businesses through Experience Engineering, Digital Engineering, and Process Engineering. Our interconnected competencies seamlessly deliver comprehensive industry solutions—Experience Engineering shapes visionary strategies, Digital Engineering brings them to life, and Process Engineering ensures flawless execution. With deep technical expertise and business acumen, we’ve empowered over 65 Fortune 1000 companies to ac…",,2026-09-05 18:30:24+00:00,Adzuna,https://www.adzuna.in/land/ad/5871991935?se=gBbnUUur8RGl-_JRamYmYw&utm_medium=api&utm_source=8944a0ae&v=26DA36A08607C2A4D20CE0240FAC6D064DC92DEF,2026-09-08 06:05:41.415073+00:00,,,,IT Jobs,500,True,False
adzuna_5871991896,Data Analyst,Persistent Systems,"Hyderabad, Telangana",,"About Position: We are seeking a highly skilled Data Engineer cum Data Analyst with strong expertise in Hadoop Ecosystem, Google Cloud Platform (GCP), Data Analytics, and Project Management. The ideal candidate will possess hands-on experience in designing scalable data platforms, building data pipelines, performing advanced analytics, and leading end-to-end data initiatives. This role requires a blend of technical expertise, business analysis, stakeholder management, and project delivery capab…",,2026-09-05 18:30:21+00:00,Adzuna,https://www.adzuna.in/land/ad/5871991896?se=NF6LTUur8RGyxtY0rUukWA&utm_medium=api&utm_source=8944a0ae&v=4E224CAAB3213F1718D14EA4D9357EF9FBB8D759,2026-09-08 06:05:34.103830+00:00,,,full_time,IT Jobs,500,True,False
adzuna_5871991638,Data Quality Analyst,Andor Tech,"Bangalore, Karnataka",,"Role Overview As a Data Quality Specialist within the IT division, you will be part of an agile team dedicated to ensuring the highest standards of data quality across selling, ordering, and provisioning systems. You will serve as both a coordinator and subject matter expert in the development, implementation, and execution of data analysis, protection, and cleansing processes. Key Responsibilities Define scope and objectives to enhance and safeguard data quality across BSS and OSS systems, pro…",,2026-09-05 18:29:39+00:00,Adzuna,https://www.adzuna.in/land/ad/5871991638?se=gBbnUUur8RGl-_JRamYmYw&utm_medium=api&utm_source=8944a0ae&v=1B86887798AAF544EA45A8A665EBC6816F78015C,2026-09-08 06:05:41.415441+00:00,,,,IT Jobs,500,True,False
adzuna_5871530691,Data Analyst,Eaton Corporation,"Pune, Maharashtra",,"What you'll do: Eaton announced, on June 11, 2026, the intent to combine its Mobility Group (including both the Vehicle and eMobility segments) with a new company. This exciting role is part of SMC (Sales and Marketing Center). As a Business Analyst, you will be directly involved in the development of Business Intelligence Reports / Dashboards and analytic approaches to answer challenging business questions. This work will help businesses across the enterprise solve critical problems, uncover n…",,2026-09-05 11:06:02+00:00,Adzuna,https://www.adzuna.in/details/5871530691?utm_medium=api&utm_source=8944a0ae,2026-09-08 06:06:14.441170+00:00,,,,IT Jobs,500,True,False
adzuna_5871352577,Senior Data Analyst - Power BI & Microsoft Fabric,Insourcehire,India,,"Location: India (Remote) Employment Type: Full-time About the Client Our client has a strong focus on data-driven decision-making. They run a Microsoft Fabric data warehouse and a Power BI reporting platform, with the data platform (ingestion, warehouse modelling, and backend development) owned and maintained by an external data partner. They are now looking to hire a Senior Data Analyst to take ownership of the Power BI reporting layer, analytics delivery, and stakeholder insight. Role Overvie…",,2026-09-05 08:49:40+00:00,Adzuna,https://www.adzuna.in/land/ad/5871352577?se=gBbnUUur8RGl-_JRamYmYw&utm_medium=api&utm_source=8944a0ae&v=7B952E7A17C61C9FB6D0A12CD259F2C6970B3B49,2026-09-08 06:05:41.415245+00:00,,,full_time,IT Jobs,500,True,False
adzuna_5871276654,Quantitative Data Analyst,Zivanta Analytics,"Kolkata, West Bengal",,About the job: We are seeking a highly motivated Quantitative Data Analyst to join our dynamic team. He/she will play a critical role in conducting quantitative analysis and supporting valuation processes. This position offers an exciting opportunity to work with innovative technology and contribute to strategic decision-making in the US banking sector. Key Responsibilities: Perform detailed analysis and modeling of US Banking products using advanced quantitative techniques and industry-standar…,,2026-09-05 07:37:49+00:00,Adzuna,https://www.adzuna.in/details/5871276654?utm_medium=api&utm_source=8944a0ae,2026-09-08 06:06:30.924431+00:00,,,,Accounting & Finance Jobs,500,True,False
adzuna_5870859811,Online Data Analyst - Odia Language,TELUS Digital AI Data Solutions,"Bangalore, Karnataka",,"Job description Are you a research-minded individual with a keen eye for detail and a good understanding of national and local geography? This freelance opportunity allows you to work at your own pace and from home. A day in the life of an online data analyst: In this role, you will work on a project that aims to improve the content and quality of digital maps used by people around the world. Conduct research and evaluation in a web-based environment, including data verification, comparison, an…",,2026-09-04 22:29:34+00:00,Adzuna,https://www.adzuna.in/land/ad/5870859811?se=gBbnUUur8RGl-_JRamYmYw&utm_medium=api&utm_source=8944a0ae&v=0B45736308EC1A5006215F33B69C9727E7076D70,2026-09-08 06:05:41.415098+00:00,,,contract,IT Jobs,500,True,False
adzuna_5870857169,Marketing Data Analyst,FREED,India,,"About FREED FREED is India's first comprehensive debt relief platform, built on the belief that financial freedom is a right, not a privilege. Since 2020, we have helped thousands of individuals take control of their financial lives, with ₹1,500 Crore in debt enrolled, 30,000 customers served, and 10,000 accounts resolved. Founded by Ritesh Srivastava and backed by leading investors, FREED is a fast-growing, purpose-driven fintech organisation on a mission that matters. About the Role Marketing…",,2026-09-04 22:27:47+00:00,Adzuna,https://www.adzuna.in/land/ad/5870857169?se=PLh2UEur8RGyxtY0rUukWA&utm_medium=api&utm_source=8944a0ae&v=9CC52BFC70A2D7F813C5CD2631F61FA8C97442E8,2026-09-08 06:05:39.142138+00:00,,,,Accounting & Finance Jobs,500,True,False
adzuna_5870857069,Lead Data Insight Analyst [T500-29084],Albertsons Companies India,"Bangalore, Karnataka",,"About Albertsons Companies Inc. (ACI): As a leading food and drug retailer in the United States, Albertsons Companies, Inc. operates over 2,200 stores across 35 states and the District of Columbia. Our well-known banners across the United States, including Albertsons, Safeway, Vons, Jewel-Osco and others, serve more than 36 million U.S customers each week. We build and shape technology solutions that solve customers’ problems every day, making things easier for them when they shop with us onlin…",,2026-09-04 22:27:33+00:00,Adzuna,https://www.adzuna.in/land/ad/5870857069?se=sk5JU0ur8RGH8OtBJeYZ3A&utm_medium=api&utm_source=8944a0ae&v=B421ECAFC2A21489ECB6EC2F932A151838F0DEA2,2026-09-08 06:05:44.096122+00:00,,,,IT Jobs,500,True,False
adzuna_5870857067,Analytics Manager,Kamakhya Analytics Private Limited,"Bangalore, Karnataka",,JOB DESCRIPTION - ANALYTICS MANAGER Location: Bangalore Department : Analytics Team : Survey Insights and Reporting About the Company: We are one of India’s premier integrated political consulting firms specializing in building data-driven 360-degree election campaigns. We help our clients with strategic advice and implementation which brings together data-backed insights and in-depth ground intelligence into a holistic electoral campaign. We are passionate about our democracy and the politics …,,2026-09-04 22:27:33+00:00,Adzuna,https://www.adzuna.in/land/ad/5870857067?se=jOfPVEur8RGsJNkd9qy0NQ&utm_medium=api&utm_source=8944a0ae&v=4E9E2223B446D220BF1BB472CF7D4A568D5F1108,2026-09-08 06:05:46.299215+00:00,,,,"Energy, Oil & Gas Jobs",500,True,False
adzuna_5870768887,Data Analyst,Study Group,India,,"Contract type: Full-Time, Permanent. Location: Noida JOB OVERVIEW The Data Analyst is responsible for providing data-driven insights and management information that support strategic and operational decision-making across key business areas. Working closely with a variety of internal and external stakeholders, the role contributes to building a culture where data informs business actions, while also driving improvements in data governance, quality, and accessibility across Study Group. ABOUT TH…",,2026-09-04 21:20:50+00:00,Adzuna,https://www.adzuna.in/details/5870768887?utm_medium=api&utm_source=8944a0ae,2026-09-08 06:06:06.227560+00:00,,,permanent,IT Jobs,500,True,False
adzuna_5870693506,Business Analyst - Data & Privacy,Standard Chartered Bank,"Bangalore, Karnataka",,"This job is with Standard Chartered Bank, an inclusive employer and a member of myGwork – the largest global platform for the LGBTQ business community. Please do not contact the recruiter directly. Job Summary The ideal candidate will: • Undertake requirements solicitation from stakeholders/end users and turn them into well-formed formal Business Requirements Documents (BRD) or User Stories. • Perform AS-IS/TO-BE process mapping and diagrams • Support the team to review and document the strateg…",,2026-09-04 20:33:07+00:00,Adzuna,https://www.adzuna.in/land/ad/5870693506?se=sk5JU0ur8RGH8OtBJeYZ3A&utm_medium=api&utm_source=8944a0ae&v=7CCD167073B35C5DD2D4C2D541424EF62FFE1D51,2026-09-08 06:05:44.096176+00:00,,,full_time,IT Jobs,500,True,False
adzuna_5870693437,Senior Financial Data Analyst,Moody's,"Bangalore, Karnataka",,"This job is with Moody's, an inclusive employer and a member of myGwork – the largest global platform for the LGBTQ business community. Please do not contact the recruiter directly. At Moody's, we unite the brightest minds to turn today’s risks into tomorrow’s opportunities. We do this by striving to create an inclusive environment where everyone feels welcome to be who they are—with the freedom to exchange ideas, think innovatively, and listen to each other and customers in meaningful ways. Mo…",,2026-09-04 20:32:50+00:00,Adzuna,https://www.adzuna.in/land/ad/5870693437?se=PLh2UEur8RGyxtY0rUukWA&utm_medium=api&utm_source=8944a0ae&v=DDF25B52AF6637983AB47D483B5236672E73A39D,2026-09-08 06:05:39.142398+00:00,,,full_time,Accounting & Finance Jobs,500,True,False
adzuna_5870528406,Sr. Data Analyst,Prudent Insurance Brokers Pvt Ltd.,India,,"Recognized as: Great Place to Work – 2024 and 2025 - This achievement reflects our unwavering commitment to a workplace where innovation, collaboration, and success go hand in hand; thanks to each Prudent family member for being the driving force behind our success. One of ’ ! This honour reflects our unwavering commitment to fostering a culture where every woman can thrive and shine, and every voice is heard. Together, we’re building a future of , , and for all team members Job title Da…",,2026-09-04 16:58:16+00:00,Adzuna,https://www.adzuna.in/land/ad/5870528406?se=lB33Tkur8RGsJNkd9qy0NQ&utm_medium=api&utm_source=8944a0ae&v=BDE967219961D1789FD4320457BC399AFFD93632,2026-09-08 06:05:36.693807+00:00,,,,IT Jobs,493,True,False
adzuna_5870528287,Freelance Data Analyst Mentor,IIM SKILLS,"Noida, Ghaziabad",,"Job Description – Freelance Data Analyst Mentor Company: IIM SKILLS Position: Freelance Data Analyst Mentor Engagement Type: Freelance / Contract Basis Openings: 4–5 Compensation: ₹1,000 per Hour Location: Remote / Online About the Role We are looking for experienced and passionate Freelance Data Analyst Mentors to train, guide, and support our learners through live sessions, doubt-solving, assignments, projects, and practical mentorship. The ideal candidate should have strong hands-on experien…",,2026-09-04 16:58:14+00:00,Adzuna,https://www.adzuna.in/land/ad/5870528287?se=PLh2UEur8RGyxtY0rUukWA&utm_medium=api&utm_source=8944a0ae&v=2FADA5AC909648D2960751B324A30C9CDBE203CE,2026-09-08 06:05:39.142217+00:00,,,contract,Teaching Jobs,500,True,False
adzuna_5870527956,Data Analyst (B.Tech from Tier-1 or Tier-2 College),Collegedunia,India,,"About Collegedunia Collegedunia is one of India’s leading education platforms, helping students discover the best colleges in India and abroad. From college research and exam prep to applications and campus insights, we simplify the entire student journey. Founded in 2014, Collegedunia is consistently ranked among the top education portals by SimilarWeb and recognized as “Best Educational Portal” by IAMAI . It has also been featured among Top 100 Startups in Asia by Tech in Asia. Backed by a te…",,2026-09-04 16:57:53+00:00,Adzuna,https://www.adzuna.in/land/ad/5870527956?se=sk5JU0ur8RGH8OtBJeYZ3A&utm_medium=api&utm_source=8944a0ae&v=BD871486980AB5CDCA446E82513314CAD8C0E304,2026-09-08 06:05:44.095890+00:00,,,,IT Jobs,500,True,False
adzuna_5870527967,Senior Data Analyst (Advanced Excel with PowerBI) - Gurgaon Location,Sonata Software,India,,"Greetings Currently we have an urgent Position for Senior Data Analyst Advanced Excel with Power BI role for one of our projects, location based in Gurgaon. Kindly find below the details for your Perusal. Job Location : Gurgaon Mode of Employment : Permanent (Weekly 4 days WFO) - Shift timing: 7:30 AM IST to 7:30 PM IST Job Description: Financial Data Analytics Financial Forecasting Models Financial data and Macros Types of Variances Data modeling, Excel-based reporting Good Communication Skill…",,2026-09-04 16:57:53+00:00,Adzuna,https://www.adzuna.in/land/ad/5870527967?se=gBbnUUur8RGl-_JRamYmYw&utm_medium=api&utm_source=8944a0ae&v=10D7D1ABB65DD67BFDE909D1F3C6FD10ABF857EB,2026-09-08 06:05:41.415465+00:00,,,permanent,IT Jobs,500,True,False
adzuna_5870527827,Data Analyst,Gowitek | Agentic AI + Digital Transformation Partner,India,,"About Gowitek Gowitek is an AI Automation and Digital Transformation company helping organizations unlock efficiency through AI Agents, Intelligent Automation, Data Analytics, and Business Intelligence. We work with customers across the US, UK, and Europe to build data-driven solutions that improve operational efficiency, decision-making, and business outcomes. As we continue to grow, we are looking for a Data Analyst who can transform raw data into actionable insights and support data-driven d…",,2026-09-04 16:57:51+00:00,Adzuna,https://www.adzuna.in/land/ad/5870527827?se=NF6LTUur8RGyxtY0rUukWA&utm_medium=api&utm_source=8944a0ae&v=70D46379BD939472500D74A966FCCA0B29EB33EB,2026-09-08 06:05:34.103860+00:00,,,,IT Jobs,500,True,False
adzuna_5870527563,Data Analyst,Innodata Inc.,India,,"Mandatory skills: Translate business needs into technical specifications and BI solutions. Design, build, and deploy BI solutions (reports, dashboards, semantic models). Develop, optimize, and maintain ETL processes to integrate data from multiple sources. Maintain and improve data warehouses and analytics platforms, including OLAP cubes or tabular models. Write and optimize complex SQL queries and perform ad-hoc data analysis. Create clear, interactive reports and visualizations using BI tools…",,2026-09-04 16:57:30+00:00,Adzuna,https://www.adzuna.in/land/ad/5870527563?se=NF6LTUur8RGyxtY0rUukWA&utm_medium=api&utm_source=8944a0ae&v=3AE3F6D039668E42E5620EDDC560AB2A23B56122,2026-09-08 06:05:34.104005+00:00,,,,IT Jobs,500,True,False
adzuna_5870527502,Senior Data Engineer (GCP),Publicis Production,"Bangalore, Karnataka",,"Job Summary: We are seeking a proactive and self-motivated Senior Data Engineer with a proven track record in building scalable cloud-based data solutions across multiple cloud platforms to support our work in architecting, building and maintaining the data infrastructure. The specific focus for this role will start with GCP however we require experience with Snowflake and Databricks also. As a senior member within the data engineering space, you will play a pivotal role in designing scalable d…",,2026-09-04 16:57:28+00:00,Adzuna,https://www.adzuna.in/land/ad/5870527502?se=CnkoVkur8RGeZZqPEbx3QQ&utm_medium=api&utm_source=8944a0ae&v=13DCF9B529DFC988AF1B37CEBA171DC57195AA77,2026-09-08 06:05:48.899410+00:00,,,full_time,IT Jobs,500,True,False
adzuna_5870527464,Data Engineer,Recro,India,,"Job Title: Data Engineer-AWS Experience: 2–3 Years Location: Pune Work Mode: Work from Office-Pune About the Role We are seeking a Junior Data Engineer with 2 to 3 years of experience to join our growing team in Pune. In this role, you will work alongside senior engineers to build, optimise, and maintain data pipelines, write efficient SQL queries, and utilise AWS cloud services to enable data processing and analytics across the organisation. Key Responsibilities Assist in developing, testing, …",,2026-09-04 16:57:28+00:00,Adzuna,https://www.adzuna.in/land/ad/5870527464?se=jOfPVEur8RGsJNkd9qy0NQ&utm_medium=api&utm_source=8944a0ae&v=0B6608796342581E1F75E76CBFA752ADFD2A0010,2026-09-08 06:05:46.299556+00:00,,,,IT Jobs,500,True,False
adzuna_5870527304,SAP Data Migration Functional Analyst OTC (Order to Cash),EnQubes,India,,"Position Summary The SAP Data Migration Functional Analyst – Order-to-Cash (OTC) is responsible for the end-to-end functional ownership of assigned SAP data migration objects supporting Order-to-Cash business processes within a large-scale global SAP S/4HANA transformation program. Key Responsibilities 1. Legacy Data Assessment and Data Profiling Perform detailed analysis and profiling of legacy OTC data to understand source-system data structures, relationships, data volumes, completeness, usa…",,2026-09-04 16:57:22+00:00,Adzuna,https://www.adzuna.in/land/ad/5870527304?se=jOfPVEur8RGsJNkd9qy0NQ&utm_medium=api&utm_source=8944a0ae&v=79FFEB1902888BB85485D522FD43A7F419348F12,2026-09-08 06:05:46.299450+00:00,,,,IT Jobs,500,True,False
adzuna_5870527270,Data Analyst,LuLu Group India,"Kochi, Ernakulam",,"We’re Hiring | Data Analyst – Power BI Lulu Group India is looking for an experienced Data Analyst to join our team and drive data-led decision-making across the retail business. Location: Kochi, Kerala (Work from Office Only) Experience: 2–5 Years Qualification: Bachelor’s degree in business, Analytics, Computer Science, or a related field Immediate Joiners Preferred Key Responsibilities • Own the design and development of CXO-level Power BI dashboards for the retail business. • Develop advan…",,2026-09-04 16:57:21+00:00,Adzuna,https://www.adzuna.in/land/ad/5870527270?se=NF6LTUur8RGyxtY0rUukWA&utm_medium=api&utm_source=8944a0ae&v=8C99D770F2EDA53164118D26208F2650D098AB11,2026-09-08 06:05:34.103253+00:00,,,,IT Jobs,499,True,False
adzuna_5869803335,Data Analyst,Zorba Consulting India,"Hyderabad, Telangana",,"Skillset: Data Analyst Exp: 5 Yrs Location : PAN India SQL DDL and DML skills on structured and non-structured data base • Python- Coding for data parsing, manipulation, aggregation and insight generation • Good working knowledge of Statistics and sample methodologies • Dashboard design and development in Tableau Problem Solving • Understanding the Problem • Data Cleaning and Preparation • Data Interpretation • Data Visualization • Basics of DS / ML • Good working knowledge of Advanced Analytic…",,2026-09-04 07:00:55+00:00,Adzuna,https://www.adzuna.in/details/5869803335?utm_medium=api&utm_source=8944a0ae,2026-09-08 06:05:51.064789+00:00,700000.0,2200000.0,permanent,IT Jobs,500,True,True
adzuna_5869559140,Data Analyst - Team Lead,Aceolution,"Hyderabad, Telangana",,"We are seeking an experienced and results-driven Data Analysis Team Lead to join our growing analytics team. The ideal candidate will possess strong analytical capabilities, excellent leadership skills, and a passion for transforming complex data into actionable business insights. This role involves working with large-scale datasets, developing impactful dashboards and reports, collaborating with cross-functional stakeholders, and mentoring a team of analysts to support data-driven decision-mak…",,2026-09-04 02:34:28+00:00,Adzuna,https://www.adzuna.in/land/ad/5869559140?se=PLh2UEur8RGyxtY0rUukWA&utm_medium=api&utm_source=8944a0ae&v=54E35D55857D4386D453BC5608143BA8F1420DF3,2026-09-08 06:05:39.142357+00:00,,,,IT Jobs,500,True,False
adzuna_5869558783,Lead Data Insight Analyst - Data warehousing [T500-29065],Albertsons Companies India,"Bangalore, Karnataka",,"About Albertsons Companies Inc. (ACI): As a leading food and drug retailer in the United States, Albertsons Companies, Inc. operates over 2,200 stores across 35 states and the District of Columbia. Our well-known banners across the United States, including Albertsons, Safeway, Vons, Jewel-Osco and others, serve more than 36 million U.S customers each week. We build and shape technology solutions that solve customers’ problems every day, making things easier for them when they shop with us onlin…",,2026-09-04 02:33:14+00:00,Adzuna,https://www.adzuna.in/land/ad/5869558783?se=sk5JU0ur8RGH8OtBJeYZ3A&utm_medium=api&utm_source=8944a0ae&v=0C701FEF8607DE8FB8670A6450C4F5F0227CCD71,2026-09-08 06:05:44.095862+00:00,,,,IT Jobs,500,True,False
adzuna_5869558747,Senior Data Analyst,Appnext,India,,"Appnext offers end-to-end discovery solutions covering all the touchpoints users have with their devices. Thanks to Appnext’s direct partnerships with top OEM brands and carriers, user engagement is achieved from the moment they personalize their device for the first time and throughout their daily mobile journey. Appnext ‘Timeline’, a patented behavioral analytics technology, is uniquely capable of predicting the apps users are likely to need next. This innovative solution means app developers…",,2026-09-04 02:33:04+00:00,Adzuna,https://www.adzuna.in/land/ad/5869558747?se=lB33Tkur8RGsJNkd9qy0NQ&utm_medium=api&utm_source=8944a0ae&v=3352B4DFBDDA52719339EB77C5376BE508B7BBEF,2026-09-08 06:05:36.693975+00:00,,,,IT Jobs,500,True,False
adzuna_5868794827,Data Analyst – AI Consulting,TailorFlow AI,India,,"About TailorFlow AI TailorFlow AI is a Cambridge-based enterprise AI services company that designs and delivers bespoke solutions for complex business problems. We help enterprises and ambitious mid-market organisations identify valuable AI opportunities and implement systems that work in real business environments. Our customers are based across the UK, South Africa, the Americas and Australia. Most work happens asynchronously, offering flexibility in how team members structure their day. Depe…",,2026-09-03 16:51:18+00:00,Adzuna,https://www.adzuna.in/land/ad/5868794827?se=PLh2UEur8RGyxtY0rUukWA&utm_medium=api&utm_source=8944a0ae&v=2B578C249B9D62EB6CFA7CBA8C3472C62342E53B,2026-09-08 06:05:39.142336+00:00,,,,IT Jobs,500,True,False
adzuna_5868794225,Data Analyst,Indofast Energy,India,,"About the Role : We are looking for a highly analytical and detail-oriented Data Analyst to join our Business Development Team. The ideal candidate should have strong skills in data handling, statistical analysis, and visualization tools, along with the ability to translate data into meaningful insights. Key Responsibilities : Data Analysis : - Collect, clean, and validate large datasets from multiple sources - Analyze data to identify trends, patterns, and actionable insights - Develop and mai…",,2026-09-03 16:50:23+00:00,Adzuna,https://www.adzuna.in/land/ad/5868794225?se=NF6LTUur8RGyxtY0rUukWA&utm_medium=api&utm_source=8944a0ae&v=D8BC56B9CB11BA0D9B5FFCBCF89C96BD2DFA3D7D,2026-09-08 06:05:34.103624+00:00,,,,IT Jobs,500,True,False
adzuna_5868791758,Data Analyst,EaseMyTrip.com,India,,"About the Role As a Data Analyst at EaseMyTrip.com, you will be crucial in analyzing travel data to drive business insights and decisions. Your role involves harnessing large sets of data to identify trends, forecast demand, and optimize our services to enhance customer satisfaction. You will collaborate closely with various departments, including marketing, sales, and customer service, to support our mission of delivering exceptional travel experiences. This position is key to driving data-dri…",,2026-09-03 16:48:56+00:00,Adzuna,https://www.adzuna.in/land/ad/5868791758?se=NF6LTUur8RGyxtY0rUukWA&utm_medium=api&utm_source=8944a0ae&v=195849E2D4E99C9FB14549118D0AFC947CC7F169,2026-09-08 06:05:34.103981+00:00,,,,IT Jobs,500,True,False
adzuna_5868789197,Data Analyst Trainer,Techchampp technologies,"Vijayawada, Krishna",,"WE’RE HIRING | DATA ANALYST TRAINER We are looking for an experienced and passionate Data Analyst Trainer to join our team in Vijayawada . Experience: More than 5 years Position: Data Analyst Trainer Location: Vijayawada Joining: Immediate What We’re Looking For: ✅ 5 years of experience in Data Analytics ✅ Strong expertise in Excel, SQL, Power BI/Tableau ✅ Knowledge of Data Cleaning, Transformation & Statistical Analysis ✅ Excellent communication and presentation skills ✅ Strong training…",,2026-09-03 16:48:18+00:00,Adzuna,https://www.adzuna.in/land/ad/5868789197?se=lB33Tkur8RGsJNkd9qy0NQ&utm_medium=api&utm_source=8944a0ae&v=E9AC984BF05B496E5223BFC8D79B900D607738A6,2026-09-08 06:05:36.693783+00:00,,,,IT Jobs,493,True,False
adzuna_5868120206,Data Analyst,Reliance Games,"Pune, Maharashtra",,"Develop complex queries and procedures to extract data for game analytics. Create dashboards on a daily basis handling multiple games simultaneously. Present the insights and findings to key stakeholders. Work closely with Product Managers to identify analytical questions. Work independently on the assigned tasks. Assist in development of processes to automate data analysis. Learn and adapt to new methods, tools and technologies. Relevant experience in SQL Querying, Data Analysis using Microsof…",,2026-09-03 08:01:51+00:00,Adzuna,https://www.adzuna.in/details/5868120206?utm_medium=api&utm_source=8944a0ae,2026-09-08 06:05:51.065209+00:00,,,,IT Jobs,500,True,False
adzuna_5867727348,"Business Management Analyst, AS",Deutsche Bank,"Mumbai, Maharashtra",,"This job is with Deutsche Bank, an inclusive employer and a member of myGwork – the largest global platform for the LGBTQ business community. Please do not contact the recruiter directly. Position Overview Role Description We are looking for an expert and forward-thinking Data Scientist/Analyst to shape and deliver strategic COO initiatives, operating model improvements and process excellence priorities across the Private Bank. Role requires understanding the project requirement & the process f…",,2026-09-03 04:37:22+00:00,Adzuna,https://www.adzuna.in/land/ad/5867727348?se=QiS1aEur8RGl-_JRamYmYw&utm_medium=api&utm_source=8944a0ae&v=FB650AE0C5A0F639A3230D36D3A8F41BB48A14B8,2026-09-08 06:06:19.741836+00:00,,,full_time,IT Jobs,500,True,False
adzuna_5867270472,Data Analyst/Data Engineer Intern,DeHaat,India,,"Role Overview: We are looking for a Data Analyst / Data Engineer Intern to work closely with the Product & Technology team on building and maintaining data pipelines, internal dashboards, reporting systems, and data-driven workflows. This is a hands-on role suited for someone who is technically strong, comfortable working with databases and data pipelines, and interested in understanding how data is used to build operational products. Key Responsibilities 1. Data Engineering & Data Pipelines A …",,2026-09-02 21:46:21+00:00,Adzuna,https://www.adzuna.in/land/ad/5867270472?se=PLh2UEur8RGyxtY0rUukWA&utm_medium=api&utm_source=8944a0ae&v=0EC963EE254182713F9A60E22FAF9022D5F9914A,2026-09-08 06:05:39.142178+00:00,,,contract,IT Jobs,500,True,False
adzuna_5867270200,Data Security Analyst,Thakral One,India,,"As a Data Security Analyst (AVP) , you will safeguard the bank's data, ensuring it is securely handled, stored, and shared. You will focus on monitoring, detection, and investigation of data‑related security risks, including data loss, unauthorised access, and misuse across enterprise environments. You will play a key role in implementing and managing data security controls such as Data Loss Prevention (DLP), data classification, and monitoring capabilities to protect critical information. What…",,2026-09-02 21:46:17+00:00,Adzuna,https://www.adzuna.in/land/ad/5867270200?se=gBbnUUur8RGl-_JRamYmYw&utm_medium=api&utm_source=8944a0ae&v=7905752367276C127433247ECF0CC9DBDA8FB910,2026-09-08 06:05:41.415319+00:00,,,,IT Jobs,500,True,False
adzuna_5867265799,Senior Executive - MIS & Analytics,Atain,India,,"Assistant Manager – People Analytics | Power BI Developer Level: Sr Exec/Assistant Manager Contract : 6months Role Overview We are looking for a hands-on Power BI Developer / Data Analyst to build People Analytics dashboards, integrate data from multiple sources and generate actionable insights. This is a technical individual contributor role with a strong focus on Power BI, data modelling, visualization and analytics. Key Responsibilities Develop and maintain interactive Power BI dashboards fo…",,2026-09-02 21:45:54+00:00,Adzuna,https://www.adzuna.in/land/ad/5867265799?se=CnkoVkur8RGeZZqPEbx3QQ&utm_medium=api&utm_source=8944a0ae&v=FA22E686744C5216D999F8C562941F773A7ABBCB,2026-09-08 06:05:48.899214+00:00,,,,IT Jobs,500,True,False
adzuna_5867264943,Lead Data Analyst,Airtel Digital,India,,"Lead Data Analyst/Senior Manager Airtel is a leading telecom provider with over 400 million subscribers . As a data-driven organization , we process 2 trillion events daily and store 100 PB of data , enabling smarter business decisions. With growing data demands and evolving use cases, we need faster, scalable decision-making powered by analytics and AI. About the role: As a Lead Data Analyst at Airtel, you will play a pivotal role in driving data-backed decision-making by providing actionable …",,2026-09-02 21:45:47+00:00,Adzuna,https://www.adzuna.in/land/ad/5867264943?se=lB33Tkur8RGsJNkd9qy0NQ&utm_medium=api&utm_source=8944a0ae&v=4DD1362EF4B47AB171C4E675A2DEFDCBE27DCCC5,2026-09-08 06:05:36.693872+00:00,,,,IT Jobs,500,True,False
adzuna_5867263656,Technical Content Writer,Collegedunia,India,,"About Collegedunia Collegedunia is an education portal matching students with the best colleges in India & abroad. We help with college research, exam prep tips, the application process, and insights on campus life. Launched in 2014, we are the highest-ranked portal by SimilarWeb in education. We were awarded Best Educational Portal by IAMAI in 2017, and listed by TechInAsia among the Top 100 Startups in Asia . Collegedunia is fueled by the energy of 1000 — data analysts, engineers, designers, …",,2026-09-02 21:45:20+00:00,Adzuna,https://www.adzuna.in/land/ad/5867263656?se=CnkoVkur8RGeZZqPEbx3QQ&utm_medium=api&utm_source=8944a0ae&v=BFC06ED6E85D354A9582D00223D108E0A0528804,2026-09-08 06:05:48.899545+00:00,,,,IT Jobs,500,True,False
adzuna_5867263603,Content Writer,Collegedunia,India,,"About your new company Collegedunia is an education portal, matching students with the best colleges in India abroad. We help in college research, exam prep tips, application process & also provide insights on-campus life. Launched in 2014, we are the highest ranked portal by Similar Web in education. We have also been awarded as - Best Educational Portal by IAMAI in 2017, and listed by TechinAsia as Top 100 Startups in Asia. Collegedunia is fuelled by the energy of over a 1000 individuals havi…",,2026-09-02 21:45:19+00:00,Adzuna,https://www.adzuna.in/land/ad/5867263603?se=CnkoVkur8RGeZZqPEbx3QQ&utm_medium=api&utm_source=8944a0ae&v=32E17D406CECC89A294421368659C9AB781DB739,2026-09-08 06:05:48.899327+00:00,,,,"PR, Advertising & Marketing Jobs",500,True,False
adzuna_5867263586,Senior Data Analyst,EXL,India,,"Senior Data Engineer – GCP | BigQuery | SQL Overview : We are seeking an experienced Senior Data Analyst to support a high-impact client engagement focused on enhancing enterprise data and reporting capabilities. The role will work closely with business and technical stakeholders to enhance data pipelines, and enable actionable insights through scalable data models and visualisations. The ideal candidate will have strong expertise in BigQuery, alongside advanced SQL and dashboarding experience …",,2026-09-02 21:45:19+00:00,Adzuna,https://www.adzuna.in/land/ad/5867263586?se=lB33Tkur8RGsJNkd9qy0NQ&utm_medium=api&utm_source=8944a0ae&v=2172CD81B9687F5EF4FC69F0E4DC5D36DDA741EB,2026-09-08 06:05:36.693935+00:00,,,,IT Jobs,500,True,False
adzuna_5867263635,Senior Data Analyst- 18891,EXL,India,,"Role Overview We are seeking an experienced Data Governance & Analytics professional with 7 years of experience in data governance, data quality, analytics, and enterprise data environments. The ideal candidate will have strong client-facing skills and the ability to collaborate effectively across business, analytics, and technology teams. Key Responsibilities Drive Data Governance initiatives, including Data Quality Management, Data Profiling, Data Integrity & Cleansing, Data Quality Monitorin…",,2026-09-02 21:45:19+00:00,Adzuna,https://www.adzuna.in/land/ad/5867263635?se=gBbnUUur8RGl-_JRamYmYw&utm_medium=api&utm_source=8944a0ae&v=01CC91D60F84B1084723222FDABBE95CF613166F,2026-09-08 06:05:41.414914+00:00,,,,IT Jobs,500,True,False
adzuna_5867263523,Senior Data Analyst,airtel,India,,"Role Summary: We are seeking a highly curious and motivated analytical person to join the Airtel Finance team which is growing at a significant pace. This role is crucial in transforming complex business challenges within the lending domain into actionable data strategies and innovative solutions. The ideal candidate will possess a strong blend of analytical prowess, business acumen, and a proactive approach to leveraging Artificial Intelligence to enhance efficiency and decision-making across …",,2026-09-02 21:45:18+00:00,Adzuna,https://www.adzuna.in/land/ad/5867263523?se=PLh2UEur8RGyxtY0rUukWA&utm_medium=api&utm_source=8944a0ae&v=DCDC7DF2CA2D19BDC45CEDA22C840F7438E8F6C8,2026-09-08 06:05:39.142097+00:00,,,,IT Jobs,500,True,False
adzuna_5867263507,Data Engineer,Tata Consultancy Services,India,,"Dear Candidate, We have face to face interview @ Gurgaon 5th Sep,2026 Experience : 5-10yrs Please apply if you are interested and available for in person interview. Skills: 1.Data Engineer – Python PySpark, SQL, AWS 2.Data Analyst-Power BI, SQL, Statistical skill 3.Sr. Java Engineers-Microservices, Kafka 4.Data Scientist 5.Data Modeler 6.Data Engineer – Databricks, Splunk 7.AWS DevOps Engineer 8.Smart Comm Developer",,2026-09-02 21:45:17+00:00,Adzuna,https://www.adzuna.in/land/ad/5867263507?se=jOfPVEur8RGsJNkd9qy0NQ&utm_medium=api&utm_source=8944a0ae&v=D8AC08290284E56445A4F253FABC0AF5EE2DE3F8,2026-09-08 06:05:46.299313+00:00,,,,IT Jobs,419,True,False
adzuna_5867251706,Senior Data Analyst,"R11 DBRSRatingsIndia DBRS Ratings , Branch India Legal Entity","Mumbai, Maharashtra",,"Senior Data Analyst, Structured Finance (Mumbai) About Us: Morningstar DBRS is a leading provider of independent rating services and opinions for corporate and sovereign entities, financial institutions, and structured finance instruments globally. Currently with 700 employees in eight offices globally. Formed through the July 2019 acquisition of DBRS by Morningstar, Inc., the ratings business is the fourth-largest provider of credit ratings in the world. Morningstar DBRS is committed to empowe…",,2026-09-02 21:41:50+00:00,Adzuna,https://www.adzuna.in/details/5867251706?utm_medium=api&utm_source=8944a0ae,2026-09-08 06:06:25.651164+00:00,,,full_time,Accounting & Finance Jobs,500,True,False
adzuna_5867249928,Business Data Analyst,EXL,"Noida, Ghaziabad",,"Description Role : Business Data Analyst Location – Gurugram Exp : 3-6 Years Must-Have: 3-6 years of work experience in large-scale Data applications doing Data Analysis, Data Mapping, and Data Transformations. - Experience in Snowflake, Any relational DB , BRD creation, requirements gathering - Very good Verbal & Written communication & tracking skills - SQL, business requirement gatherings, Source-to-target mappings (STTM) writing - Should have exposure to data consolidation, transformation, …",,2026-09-02 21:41:02+00:00,Adzuna,https://www.adzuna.in/details/5867249928?utm_medium=api&utm_source=8944a0ae,2026-09-08 06:06:28.236242+00:00,,,full_time,IT Jobs,500,True,False
adzuna_5867222082,Fivetran Data Engineer,Straive,India,,"Job Title: Fivetran Data Engineer Experience-2 to 4 Years Location:Remote Job Summary We are looking for a skilled Fivetran Data Engineer to design, develop, and manage cloud-based data integration pipelines using Fivetran . The ideal candidate should have experience building scalable ELT pipelines, integrating data from multiple sources into cloud data warehouses, and supporting modern data platforms. The role requires collaboration with Data Engineers, Analytics teams, and Business stakeholde…",,2026-09-02 21:28:08+00:00,Adzuna,https://www.adzuna.in/land/ad/5867222082?se=CnkoVkur8RGeZZqPEbx3QQ&utm_medium=api&utm_source=8944a0ae&v=308C74901CD9081268AF90001C54DE546C6F8A7A,2026-09-08 06:05:48.899186+00:00,,,,IT Jobs,500,True,False
adzuna_5867222059,GCP Data Engineer-Face to Face Discussion on 22-Aug(Saturday) in Bangalore,HCLTech,India,,"Hi, We are conducting Face to Face discussion on 22-Aug-26(Satuday) in Bangalore. Interested candidates please share your resume on deepawaliprab.maski@hcltech.com or directly walk-in to the venue and please mention the recruiter name as Deepawali. Experience: Looking for 3 Yrs Mandatory Skill Required: GCP Data Engineer with Bigquery, Dataflow, Dataproc PFB Venue details for interview Venue Details. Bangalore - HCL Technologies Ltd. Special Economic Zone (SEZ), (yet to confirm tower) No. 129, …",,2026-09-02 21:28:07+00:00,Adzuna,https://www.adzuna.in/land/ad/5867222059?se=QiS1aEur8RGl-_JRamYmYw&utm_medium=api&utm_source=8944a0ae&v=698D3B1ECB110ED06F7B13FE8E25CA4FF43BD3CE,2026-09-08 06:06:19.742153+00:00,,,,IT Jobs,500,True,False
adzuna_5867115068,Data Management Analyst,Moody's,"Bangalore, Karnataka",,"This job is with Moody's, an inclusive employer and a member of myGwork – the largest global platform for the LGBTQ business community. Please do not contact the recruiter directly. At Moody's, we unite the brightest minds to turn today’s risks into tomorrow’s opportunities. We do this by striving to create an inclusive environment where everyone feels welcome to be who they are—with the freedom to exchange ideas, think innovatively, and listen to each other and customers in meaningful ways. Mo…",,2026-09-02 18:15:33+00:00,Adzuna,https://www.adzuna.in/land/ad/5867115068?se=gBbnUUur8RGl-_JRamYmYw&utm_medium=api&utm_source=8944a0ae&v=0690395A04D115923E5072660A3E464C57BD66A4,2026-09-08 06:05:41.415418+00:00,,,full_time,IT Jobs,500,True,False
adzuna_5867038192,Data Engineer - Spark,Chargebee,"Chennai, Tamil Nadu",,"About the Role The Data Platform team at Chargebee builds and maintains scalable data systems that power internal analytics, business intelligence, and customer-facing data features. As a Data Engineer , you will work on building and maintaining reliable data pipelines across multiple layers of the data platform, including data ingestion, distributed processing, transformation, and data serving . You will collaborate closely with product engineers, analysts, and platform teams to ensure that da…",,2026-09-02 16:44:13+00:00,Adzuna,https://www.adzuna.in/land/ad/5867038192?se=mJoXZ0ur8RGH8OtBJeYZ3A&utm_medium=api&utm_source=8944a0ae&v=265704A6622B9F7620E156A4DD8F54FEDC676469,2026-09-08 06:06:17.010890+00:00,,,,IT Jobs,500,True,False
adzuna_5867038166,Data Analyst,Edwagon,"Bangalore, Karnataka",,"Company Description Edwagon is a growing organization focused on using data-driven insights to improve decision-making and business performance. The company values analytical thinking, collaboration, and continuous learning, and encourages team members to explore innovative approaches to solving complex problems. Edwagon offers opportunities to work with diverse datasets, modern tools, and cross-functional teams. Professionals joining Edwagon can expect a supportive environment that recognizes …",,2026-09-02 16:44:13+00:00,Adzuna,https://www.adzuna.in/land/ad/5867038166?se=NF6LTUur8RGyxtY0rUukWA&utm_medium=api&utm_source=8944a0ae&v=005005A5CE08BEDFAA80C211793EB9110F5A4178,2026-09-08 06:05:34.103496+00:00,,,full_time,IT Jobs,500,True,False
adzuna_5867037969,Lead Data Engineer,Dautom,India,,"Client Introduction In this role, you will collaborate closely with one of our esteemed clients—a globally recognized leader in their industry, distinguished by their commitment to excellence, innovation, and delivering exceptional value. As a trusted IT consulting partner, Dautom is supporting their strategic initiatives by connecting them with exceptional talent to drive business growth and transformation. Job Role: Lead Data Analyst Work Location: Remote India Notice Period: Immediate – 30 D…",,2026-09-02 16:44:07+00:00,Adzuna,https://www.adzuna.in/land/ad/5867037969?se=jOfPVEur8RGsJNkd9qy0NQ&utm_medium=api&utm_source=8944a0ae&v=3E9354D12A8F55BF680CCC675C432A42E535B920,2026-09-08 06:05:46.299583+00:00,,,,IT Jobs,500,True,False
adzuna_5867037378,Lead Data Analyst,Nexus Corporation,India,,"To begin with this role will be a 1 year contract. We are looking for an experienced Data Analyst Lead to drive data analysis initiatives, generate actionable insights, and support business decision-making. The ideal candidate should have strong analytical skills, experience working with large datasets, and the ability to lead a team of analysts. The role involves data modeling, reporting, dashboard development, stakeholder management, and ensuring data quality across projects. Key Responsibili…",,2026-09-02 16:43:29+00:00,Adzuna,https://www.adzuna.in/land/ad/5867037378?se=lB33Tkur8RGsJNkd9qy0NQ&utm_medium=api&utm_source=8944a0ae&v=D38BC373E82768E501803326FB67E87EAEDD75B7,2026-09-08 06:05:36.693851+00:00,,,contract,IT Jobs,500,True,False
adzuna_5867036131,Azure data engineer - F2F discussion - Chennai,Tata Consultancy Services,"Chennai, Tamil Nadu",,"Greetings from Tata Consultancy Services (TCS) What we are looking for: Azure data engineer Location : Chennai Interview Mode : F2F discussion Exp : 5 Years Design, develop, and maintain scalable data pipelines and data integration solutions using Azure cloud services. Build and manage ETL/ELT processes using Azure Data Factory (ADF), Azure Databricks, and Azure Synapse Analytics . Develop and optimize data lakes and data warehouses using Azure Data Lake Storage (ADLS), Synapse, and SQL databas…",,2026-09-02 16:42:44+00:00,Adzuna,https://www.adzuna.in/land/ad/5867036131?se=jOfPVEur8RGsJNkd9qy0NQ&utm_medium=api&utm_source=8944a0ae&v=C48C5706049EB6DA33F6189F3349ED33FD35CA25,2026-09-08 06:05:46.299391+00:00,,,,IT Jobs,500,True,False
adzuna_5867036118,Data Analyst,Mobily Infotech,India,,"Job Purpose To support the design, calculation, validation, control, and payment of sales incentives, commissions, and performance-based rewards across Consumer Sales channels. The role is responsible for KPI monitoring, commission accuracy, scheme compliance, reporting, financial controls, and coordination with stakeholders to ensure timely and accurate incentive processing. Experience 2-5 years of experience in sales operations, incentive management, commission administration, finance, or per…",,2026-09-02 16:42:44+00:00,Adzuna,https://www.adzuna.in/land/ad/5867036118?se=lB33Tkur8RGsJNkd9qy0NQ&utm_medium=api&utm_source=8944a0ae&v=E3CE73797177587B6E8B13A271CB9FF87FE7917E,2026-09-08 06:05:36.693713+00:00,,,,Sales Jobs,500,True,False
adzuna_5867036109,Data Analyst,Pharmanovia,"Mumbai, Maharashtra",,"Pharmanovia is a dynamic, fast-growing international pharmaceutical company with a portfolio of over 20 brands across more than 160 markets. Our mission is to improve patient health globally through the revitalisation of niche, tried-and-trusted medicines. Our core behaviours are: We act decisively but we never compromise on quality. We keep our promises and do as we say. We value our heritage and foster an entrepreneurial spirit. We reinvest in our future – in our products, our brands and our …",,2026-09-02 16:42:43+00:00,Adzuna,https://www.adzuna.in/land/ad/5867036109?se=NF6LTUur8RGyxtY0rUukWA&utm_medium=api&utm_source=8944a0ae&v=3137DF9B503952DFDC32B05C57551147401959BD,2026-09-08 06:05:34.103884+00:00,,,,IT Jobs,500,True,False
adzuna_5867036086,Sr Manager - Cloud Database Development [T500-29022],McDonald's Global Office in India,"Hyderabad, Telangana",,"About Us: McDonald’s is proud to be one of the most recognized brands in the world, with restaurants in over 100 countries that serve 70 million customers daily. We continue to operate from a position of strength. Our updated growth strategy is focused on staying ahead of what our customers want and realizing further growth potential. Our relentless ambition is why McDonald’s remains one of the world’s leading corporations after almost 70 years. Joining McDonald's means thinking big and prepari…",,2026-09-02 16:42:42+00:00,Adzuna,https://www.adzuna.in/land/ad/5867036086?se=QiS1aEur8RGl-_JRamYmYw&utm_medium=api&utm_source=8944a0ae&v=6C78F8249A1C6E9FFDA8083DD70DB44EA457D3CF,2026-09-08 06:06:19.742202+00:00,,,full_time,IT Jobs,500,True,False
adzuna_5867036037,Data Analyst,Daice Labs,India,,"Job Title: Data Analyst Location: India (Remote) Employment Type: Full-time About Daice Labs Daice Labs is an AI research and product company founded by MIT CSAIL scientists, headquartered in Brookline, MA. The company develops hybrid AI systems that integrate neurosymbolic methods with machine learning to build auditable, adaptive, and governable AI. Daice Labs operates two integrated divisions: a research lab focused on hybrid AI architectures, and Cofabric, a governed AI execution platform f…",,2026-09-02 16:42:41+00:00,Adzuna,https://www.adzuna.in/land/ad/5867036037?se=NF6LTUur8RGyxtY0rUukWA&utm_medium=api&utm_source=8944a0ae&v=3373786259D5227E399A77A714E583AB630777FD,2026-09-08 06:05:34.103806+00:00,,,full_time,IT Jobs,500,True,False
adzuna_5867036054,Business Development Manager,Collegedunia,"Gujarat, India",,"About your new company Collegedunia is an education portal, matching students with the best colleges in India & abroad. We help in college research, exam prep tips, application process &also provide insights on-campus life. Launched in 2014, we are the highest ranked portal by Similar Web in education. We have also been awarded as - Best Educational Portal- by IAMAI in 2017, and listed by TechinAsia as Top 100 Startups in Asia. Collegedunia is fueled by the energy of over a 1000 individuals hav…",,2026-09-02 16:42:41+00:00,Adzuna,https://www.adzuna.in/land/ad/5867036054?se=mJoXZ0ur8RGH8OtBJeYZ3A&utm_medium=api&utm_source=8944a0ae&v=1215D7FCD1C0B979C6E95847BE52FAA3E29CC65E,2026-09-08 06:06:17.011136+00:00,,,,"PR, Advertising & Marketing Jobs",500,True,False
adzuna_5866927385,Sr. Data Analyst,Straatix Partners,"Bangalore, Karnataka",,"Define and obtain source data required to deliver insights and use cases. ● Determine data mapping and join multiple data sets across various sources. ● Develop methods to highlight and report data inconsistencies for user review. ● Propose and assist with suitable data migration sets for stakeholders. ● Support teams in processing data migration sets and coordinating migration activities. ● Plan, track, and coordinate the data migration team and migration run-book. ● Collaborate with stakehold…",,2026-09-02 16:16:39+00:00,Adzuna,https://www.adzuna.in/details/5866927385?utm_medium=api&utm_source=8944a0ae,2026-09-08 06:06:28.235645+00:00,2000000.0,4000000.0,full_time,IT Jobs,500,True,True
adzuna_5866922840,Data Analyst - Bilingual,Numerator,"Vadodara, Gujarat",,"We’re reinventing the market research industry. Let’s reinvent it together. At Numerator, we believe tomorrow’s success starts with today’s market intelligence. We empower the world’s leading brands and retailers with unmatched insights into consumer behavior and the influencers that drive it. Data Analyst (Bi-lingual French) As a Data Analyst (Bi-lingual French), you will help Numerator improve its ever-growing database of products by using our custom-designed platform to match real-world prod…",,2026-09-02 16:15:26+00:00,Adzuna,https://www.adzuna.in/details/5866922840?utm_medium=api&utm_source=8944a0ae,2026-09-08 06:06:22.773415+00:00,,,full_time,IT Jobs,500,True,False
adzuna_5866126726,Data Analyst,ascendion,"Gurgaon, Haryana",,"About Ascendion Ascendion is a leader in AI-Native platform driven software engineering company that underwrites outcomes, helping businesses innovate faster, smarter, and with greater impact. We partner with Global 2000 clients across North America, UK, Europe, and APAC to solve complex challenges in data, experience design, software product engineering, and workforce transformation. Powered by expert engineers, thousands of AI agents, and our Engineering to the Power of AI™ (EngineeringAI) me…",,2026-09-02 07:47:24+00:00,Adzuna,https://www.adzuna.in/details/5866126726?utm_medium=api&utm_source=8944a0ae,2026-09-08 06:06:03.526320+00:00,,,,IT Jobs,500,True,False
adzuna_5865286055,Data Quality Engineer,Insight Global,India,,"Title: Data Quality Analyst Locations: Remote Pay: 10-19 Lakh Per Annum Overview Seeking Data Quality Engineers to support quality assurance efforts across a large enterprise data ecosystem. This team will ensure the accuracy, reliability, and integrity of data as the organization continues its migration and modernization initiatives. Responsibilities Develop and execute data validation and testing strategies Identify data quality issues across complex data pipelines Validate ingestion processe…",,2026-09-02 02:21:46+00:00,Adzuna,https://www.adzuna.in/land/ad/5865286055?se=kEahV0ur8RGGPLEEriM0Iw&utm_medium=api&utm_source=8944a0ae&v=7EFF591CD359B512F0F6EAE15A318AE402867946,2026-09-08 06:05:51.064999+00:00,,,,IT Jobs,500,True,False
adzuna_5865169472,Data Analyst,Lancesoft Europe,"Chauth Ka Barwara, Sawai Madhopur",,"Description: Mandatory Skills Strong understanding of Corporate Banking, Credit Risk, Lending, Credit Approval and Limit Management processes. Hands-on experience working on Credit Proposal, ELCM (Enterprise Limit Management), Credit Workflow, Loan Origination, Credit Risk, Limit Management, or Collateral Management platforms. Advanced proficiency in SQL with hands-on experience in data analysis, profiling, reconciliation, validation, and root cause analysis. Strong experience in Business Analy…",,2026-09-01 23:46:27+00:00,Adzuna,https://www.adzuna.in/details/5865169472?utm_medium=api&utm_source=8944a0ae,2026-09-08 06:05:51.065025+00:00,,,,IT Jobs,500,True,False
adzuna_5865065103,Senior Data Analyst,Morningstar,"Mumbai, Maharashtra",,"This job is with Morningstar, an inclusive employer and a member of myGwork – the largest global platform for the LGBTQ business community. Please do not contact the recruiter directly. Senior Data Analyst, Structured Finance (Mumbai) About Us: Morningstar DBRS is a leading provider of independent rating services and opinions for corporate and sovereign entities, financial institutions, and structured finance instruments globally. Currently with 700 employees in eight offices globally. Formed t…",,2026-09-01 22:16:27+00:00,Adzuna,https://www.adzuna.in/land/ad/5865065103?se=lB33Tkur8RGsJNkd9qy0NQ&utm_medium=api&utm_source=8944a0ae&v=6EDB9CBD25D892F385B6115204618EB576FFC367,2026-09-08 06:05:36.693914+00:00,,,full_time,Accounting & Finance Jobs,500,True,False
adzuna_5864594008,Data Analyst,ShrinQ Consulting Group Inc,India,,"The ideal candidate will use their passion for big data and analytics to provide insights to the business covering a range of topics. They will be responsible for conducting both recurring and ad hoc analysis for business users. Responsibilities Understand the day-to-day issues that our business faces, which can be better understood with data Compile and analyze data related to business' issues Develop clear visualizations to convey complicated data in a straightforward fashion Qualifications B…",,2026-09-01 18:21:19+00:00,Adzuna,https://www.adzuna.in/land/ad/5864594008?se=lB33Tkur8RGsJNkd9qy0NQ&utm_medium=api&utm_source=8944a0ae&v=A22A9E203B06862C3A5E66E8F0D1C904BECAC838,2026-09-08 06:05:36.693601+00:00,,,,IT Jobs,500,True,False
adzuna_5864443205,Data Ingestion Engineer,EVERSANA,India,,"We are seeking a highly skilled and motivated Data Ingestion Engineer to join our data platform team. This role involves building and maintaining scalable, reliable, and secure data pipelines that power analytics, reporting, and decision-making across the organization. You will work with tools like Azure Data Factory (ADF), dbt, PostgreSQL, Snowflake, SQL and Python to enable smooth data ingestion, transformation, and delivery across cloud and on-premise systems. Key Responsibilities: • Design,…",,2026-09-01 16:23:20+00:00,Adzuna,https://www.adzuna.in/land/ad/5864443205?se=jOfPVEur8RGsJNkd9qy0NQ&utm_medium=api&utm_source=8944a0ae&v=3CD161DF9B26434E4C1D251BF40394AF965633DB,2026-09-08 06:05:46.299503+00:00,,,,IT Jobs,500,True,False
adzuna_5864443271,Data & Insights Analyst,Ecomm-Inroads,India,,"Why Join Us: We’re a small but mighty Amazon & TikTok growth agency with real momentum, and we’re still small enough that every person on the team genuinely matters. No layers, no bureaucracy. Just a tight group of smart, fun people doing great work together. Work directly with the founders. You’ll work alongside the people who built this business from the ground up. A ringside seat to everything. You’ll play a pivotal role in preparing for client conversations, the beating heart of this busine…",,2026-09-01 16:23:20+00:00,Adzuna,https://www.adzuna.in/land/ad/5864443271?se=gBbnUUur8RGl-_JRamYmYw&utm_medium=api&utm_source=8944a0ae&v=05CA5513B1DADC57A547E4F51A80FF616618A19F,2026-09-08 06:05:41.415368+00:00,,,,IT Jobs,500,True,False
adzuna_5864443196,Data Analyst,Nians,India,,"About the Role We are looking for a detail-oriented and analytical Data Analyst to join our remote team. The ideal candidate will collect, analyze, and interpret data to uncover actionable insights that support business decisions, improve marketing performance, and optimize operational efficiency. You will work closely with cross-functional teams to transform complex data into meaningful reports and recommendations. The Data Analyst will be responsible for collecting, cleaning, and analyzing da…",,2026-09-01 16:23:20+00:00,Adzuna,https://www.adzuna.in/land/ad/5864443196?se=NF6LTUur8RGyxtY0rUukWA&utm_medium=api&utm_source=8944a0ae&v=10338B8934051D3701B8DAAFEA2D92D893FF8C64,2026-09-08 06:05:34.103651+00:00,,,,IT Jobs,500,True,False
adzuna_5864442886,Data Quality Analyst,Sambodhi Research and Communications Pvt. Ltd.,India,,"Company Description Sambodhi Research and Communications Pvt. Ltd. is a knowledge-based organization that focuses on promoting accountability in the public domain. We provide project management, monitoring & evaluation, and research solutions to implementers, governments, aid agencies, and philanthropic foundations. Our expertise lies in evaluating large-scale interventions in sectors such as public health, nutrition, sanitation, renewable energy, livelihoods, and microfinance. We are committed…",,2026-09-01 16:23:17+00:00,Adzuna,https://www.adzuna.in/land/ad/5864442886?se=gBbnUUur8RGl-_JRamYmYw&utm_medium=api&utm_source=8944a0ae&v=098165625AD5F210BFEF1A3E40FBBB890EC719D4,2026-09-08 06:05:41.415270+00:00,,,full_time,IT Jobs,500,True,False
adzuna_5864442719,Data Analyst,HCLTech,"Hyderabad, Telangana",,"HACKATHON - 29th Aug 26 - Planning for 2 skills GCP Data engineer - 11 positions , Band E - 8 yrs Data Analyst - 17, Band E - 8 yrs Location : Chennai/ Hyderabad/Bangalore Data analyst - JD Advanced SQL (BigQuery ideally) for querying and data manipulation Data quality checks, validation and reconciliation Working knowledge of data warehouse / lake concepts would be a bonus. GCP Data Engineer - JD Big query, DBT, pyspark Interview Process : Hacker-rank (coding test) - weekdays if possible Hacka…",,2026-09-01 16:23:16+00:00,Adzuna,https://www.adzuna.in/land/ad/5864442719?se=NF6LTUur8RGyxtY0rUukWA&utm_medium=api&utm_source=8944a0ae&v=3FCC8C06CFA5A3AB39F7A580208FCEDAE0EE2459,2026-09-08 06:05:34.103595+00:00,,,,IT Jobs,500,True,False
adzuna_5864442750,Data Quality Analyst – AI/ML,Innodata India Private Limited,India,,"Job Summary We are looking for a Data Quality Analyst – AI/ML to ensure the accuracy, consistency, completeness, and reliability of datasets used in AI/ML applications. The role involves reviewing large volumes of digital content and datasets, identifying quality issues, applying defined quality standards, and supporting continuous improvement of AI data workflows. Key Responsibilities Review and evaluate text, images, videos, audio, and other digital content against defined quality standards. …",,2026-09-01 16:23:16+00:00,Adzuna,https://www.adzuna.in/land/ad/5864442750?se=sk5JU0ur8RGH8OtBJeYZ3A&utm_medium=api&utm_source=8944a0ae&v=61BE7AD407558278D67E999E3D3984BD74D8BE1E,2026-09-08 06:05:44.095977+00:00,,,,IT Jobs,500,True,False
adzuna_5864442505,Senior Data Engineer (Analyst/Scientist) - Remote,Kake,"Bangalore, Karnataka",,"Senior Data Engineer (Analyst/Scientist) - Remote Kake is a remote-first company and a people-first global community of senior engineers. Kake engineers are behind some of the world’s most innovative products (Brands you’ve heard!), from Fortune 500 to fast-growing companies. We believe it’s not where your table is, but what you bring to the table that matters. Our community spans 45,000 engineers across 55 countries; join a culture where great people stay, grow, and thrive (and love eating kak…",,2026-09-01 16:23:14+00:00,Adzuna,https://www.adzuna.in/land/ad/5864442505?se=sk5JU0ur8RGH8OtBJeYZ3A&utm_medium=api&utm_source=8944a0ae&v=6155ACC03125A8E4FD992DB648D4B5952CFF591B,2026-09-08 06:05:44.096066+00:00,,,,IT Jobs,500,True,False
adzuna_5864442476,Online Data Analyst - Odia Language.,TELUS,India,,"Job description Are you a research-minded individual with a keen eye for detail and a good understanding of national and local geography? This freelance opportunity allows you to work at your own pace and from home. A day in the life of an online data analyst: In this role, you will work on a project that aims to improve the content and quality of digital maps used by people around the world. Conduct research and evaluation in a web-based environment, including data verification, comparison, an…",,2026-09-01 16:23:14+00:00,Adzuna,https://www.adzuna.in/land/ad/5864442476?se=gBbnUUur8RGl-_JRamYmYw&utm_medium=api&utm_source=8944a0ae&v=C2C4FA1020F34EBB96F3077C9711DF94F424F7F9,2026-09-08 06:05:41.415124+00:00,,,contract,IT Jobs,500,True,False
adzuna_5864441497,Data Engineer - Databricks Focus,Allison Transmission,India,,"We are seeking an experienced Data Engineer to join our growing data team and play a key role in modernizing our analytics platform. In 2026, we will be executing a large-scale migration and rehydration of ~500 existing Power BI reports, including re-connecting and optimizing data sources in a new Lakehouse environment. Key Responsibilities Design, build, and maintain scalable data pipelines using Databricks (Delta Lake, Unity Catalog, Spark). Lead or significantly contribute to the migration a…",,2026-09-01 16:23:09+00:00,Adzuna,https://www.adzuna.in/land/ad/5864441497?se=CnkoVkur8RGeZZqPEbx3QQ&utm_medium=api&utm_source=8944a0ae&v=58511B2A4FF7ED351F570203759F54E439D67DE7,2026-09-08 06:05:48.899270+00:00,,,,IT Jobs,500,True,False
adzuna_5864441282,Senior Data & Insights Analyst,Linemate,India,,"Company Description Linemate builds a WhatsApp-based platform for frontline operations — checklists, ticketing, and workflows for teams that don't sit behind a desk. We work with customers across industries, operating in India and the Middle East, with plans to expand globally. At our core, we're a data company. The real value we create for customers comes from the operational data their frontline teams generate every day — completed checklists, raised tickets, resolution times. Turning that ra…",,2026-09-01 16:23:08+00:00,Adzuna,https://www.adzuna.in/land/ad/5864441282?se=sk5JU0ur8RGH8OtBJeYZ3A&utm_medium=api&utm_source=8944a0ae&v=22FDF9215E70BD1B7867A6A7230B4EA4E564EF87,2026-09-08 06:05:44.095834+00:00,,,,IT Jobs,500,True,False
adzuna_5864440835,Data Privacy Analyst,NTT DATA Business Solutions,India,,"Build the Future with Us. Join NTT DATA Business Solutions, a global leader in SAP consulting and digital transformation. As part of the NTT DATA Group, we collaborate with over 16,700 professionals in 30 countries to deliver innovative SAP solutions that help businesses thrive. Take the next step in your career and become a trusted partner to our global customers. In this role, you'll support and optimize complex SAP landscapes, drive operational excellence, and contribute to impactful digital…",,2026-09-01 16:23:06+00:00,Adzuna,https://www.adzuna.in/land/ad/5864440835?se=gBbnUUur8RGl-_JRamYmYw&utm_medium=api&utm_source=8944a0ae&v=61CC2276BE54FE826263388BE0AD4972DEAEBB50,2026-09-08 06:05:41.415295+00:00,,,,IT Jobs,500,True,False
adzuna_5864439916,LEAD DATA ENGINEER,Eucloid Data Solutions,"Chennai, Tamil Nadu",,"Job Description Eucloid is looking for a Lead Data Engineer to join our Data Platform team supporting various business applications. The ideal candidate will support development of data infrastructure for our clients by participating in activities which may include starting from up- stream and down-stream technology selection to designing and building of different components. Candidate will also involve in projects like integrating data from various sources, managing big data pipelines that are…",,2026-09-01 16:23:00+00:00,Adzuna,https://www.adzuna.in/land/ad/5864439916?se=CnkoVkur8RGeZZqPEbx3QQ&utm_medium=api&utm_source=8944a0ae&v=2B52CFE98AC872D40CE4AD16C7E86182B8A61F4D,2026-09-08 06:05:48.899436+00:00,,,,IT Jobs,500,True,False
adzuna_5864439568,GCP Data Engineer,HTC Global Services,"Chennai, Tamil Nadu",,"We are looking for an experienced Data Engineer with strong Python and Google Cloud Platform (GCP) expertise to design, develop, and maintain scalable data pipelines and cloud-based data solutions. The candidate will work closely with data analysts, data scientists, and business stakeholders to build reliable data platforms and enable data-driven decision-making. Key Responsibilities Design, develop, and maintain scalable ETL/ELT data pipelines using Python and GCP services. Develop high-qualit…",,2026-09-01 16:22:57+00:00,Adzuna,https://www.adzuna.in/land/ad/5864439568?se=jOfPVEur8RGsJNkd9qy0NQ&utm_medium=api&utm_source=8944a0ae&v=1F134B3193620C5D005E489E2BDF9051299F7291,2026-09-08 06:05:46.299683+00:00,,,,IT Jobs,500,True,False
adzuna_5864439271,Data Engineer-ADF,"Prudent Technologies and Consulting, Inc.","Hyderabad, Telangana",,"Define, Design, and Build an optimal data pipeline architecture to collect data from a variety of sources, cleanse, and organize data in SQL & NoSQL destinations (ELT & ETL Processes). Define and Build business use case-specific data models that can be consumed by Data Scientists and Data Analysts to conduct discovery and drive business insights and patterns. Identify, design, and implement internal process improvements: automating manual processes, optimizing data delivery, re-designing infras…",,2026-09-01 16:22:54+00:00,Adzuna,https://www.adzuna.in/land/ad/5864439271?se=CnkoVkur8RGeZZqPEbx3QQ&utm_medium=api&utm_source=8944a0ae&v=9A6CDC6FCC3125BDD452D802785FAABF05535EFB,2026-09-08 06:05:48.899298+00:00,,,,IT Jobs,500,True,False
adzuna_5864438932,Data Engineer,Mindsprint,"Chennai, Tamil Nadu",,"We're Hiring! Snowflake Developer Please do find the JD below, Job Description: Snowflake Developer/Engineer A data architecture professional focuses upon collecting information and maintaining proper methodologies for gathering data. He or she also seeks to optimize the way in which organizations analyse information and leverage it. Data architects' skills must allow them to have one eye on big picture strategy while also focusing on solving sophisticated data-related problems. Data architectu…",,2026-09-01 16:22:50+00:00,Adzuna,https://www.adzuna.in/land/ad/5864438932?se=CnkoVkur8RGeZZqPEbx3QQ&utm_medium=api&utm_source=8944a0ae&v=9FC1F143BE9B1BE21A626C64EE00C01EC7D1ACA4,2026-09-08 06:05:48.899100+00:00,,,,IT Jobs,500,True,False
adzuna_5864438660,PySpark Developer | Python | SQL,Tata Consultancy Services,"Bangalore, Karnataka",,"Job Title : PySpark Developer Location: Chennai / Bangalore / Hyderabad / Pune Notice Period : Immediate to 30 Days Job Description : We are seeking a skilled PySpark Developer with strong experience in Python, PySpark, SQL, and Data Warehousing concepts. The ideal candidate will be responsible for designing, developing, and optimizing large-scale data processing pipelines and ETL solutions using Spark-based technologies. Key Responsibilities : Design, develop, and maintain scalable ETL/ELT pip…",,2026-09-01 16:22:47+00:00,Adzuna,https://www.adzuna.in/land/ad/5864438660?se=QiS1aEur8RGl-_JRamYmYw&utm_medium=api&utm_source=8944a0ae&v=9075A769CA63C8CAB67EF19A5BEB5C217A85C9C6,2026-09-08 06:06:19.742105+00:00,,,,IT Jobs,500,True,False
adzuna_5864437606,Senior / Lead Data Engineer,Eucloid Data Solutions,"Chennai, Tamil Nadu",,"Job Description Eucloid is looking for a Lead Data Engineer to join our Data Platform team supporting various business applications. The ideal candidate will support development of data infrastructure for our clientsby participating in activities which may includestarting from up- stream and down-stream technology selection to designingand building of different components. Candidate will also involve in projects like integrating data from various sources, managing big data pipelines that are ea…",,2026-09-01 16:22:39+00:00,Adzuna,https://www.adzuna.in/land/ad/5864437606?se=CnkoVkur8RGeZZqPEbx3QQ&utm_medium=api&utm_source=8944a0ae&v=C0EBEDA7C7399689D25BF112207B1BDE43BC7EDE,2026-09-08 06:05:48.899463+00:00,,,,IT Jobs,500,True,False
adzuna_5864437348,"Senior Marketing Data Analyst (Python, SQL)",Blend,"Hyderabad, Telangana",,"Blend is a premier AI services provider, committed to co-creating meaningful impact for its clients through the power of data science, AI, technology, and people. With a mission to fuel bold visions, Blend tackles significant challenges by seamlessly aligning human expertise with artificial intelligence. The company is dedicated to unlocking value and fostering innovation for its clients by harnessing world-class people and data-driven strategy. We believe that the power of people and AI can ha…",,2026-09-01 16:22:37+00:00,Adzuna,https://www.adzuna.in/land/ad/5864437348?se=gBbnUUur8RGl-_JRamYmYw&utm_medium=api&utm_source=8944a0ae&v=61FFF99584786DBB66E8401001706E67D545896C,2026-09-08 06:05:41.415197+00:00,,,,"PR, Advertising & Marketing Jobs",500,True,False
adzuna_5864437297,Power BI Consultant,Gantec Corporation,"Chennai, Tamil Nadu",,"Power BI Consultant – Production Support & Optimization Full Time | On-Site | Chennai | Immediate Joiner Role Overview We are looking for an experienced Power BI Consultant to support a business-critical reporting environment following a cloud data-platform migration. The role combines hands-on Power BI development, production support, performance optimization, functional analysis, and business stakeholder engagement. Key Responsibilities Support Power BI reports and dashboards during go-live, …",,2026-09-01 16:22:37+00:00,Adzuna,https://www.adzuna.in/land/ad/5864437297?se=CnkoVkur8RGeZZqPEbx3QQ&utm_medium=api&utm_source=8944a0ae&v=422A75D049B2D7B615F57C18B5BF70C841A071CB,2026-09-08 06:05:48.899518+00:00,,,full_time,IT Jobs,500,True,False
adzuna_5864437276,Data Analyst,Navneet Education Limited,"Mumbai, Maharashtra",,"Position Title : Data Analyst Experience Required : Overall Experience 4-7 years Minimum 2-3 years of hands-on experience in BI/dashboarding tools (Power BI, Looker Studio, or equivalent) Experience working with ERP/CRM data (SAP SD/MM or equivalent) strongly preferred Role Summary The Data Analyst will be responsible for translating the Group’s data - spanning customer/stakeholder data (Teachers, Schools, Retailers, Distributors, Vendors, Partners) and factory operations data (production, disp…",,2026-09-01 16:22:36+00:00,Adzuna,https://www.adzuna.in/land/ad/5864437276?se=NF6LTUur8RGyxtY0rUukWA&utm_medium=api&utm_source=8944a0ae&v=CBFD3B418F4F5047CE2C86024B62EAF2B43A67C6,2026-09-08 06:05:34.103957+00:00,,,,IT Jobs,500,True,False
adzuna_5864437239,Senior Data Analyst,Walmart Global Tech India,"Chennai, Tamil Nadu",,"Location: Chennai, Bangalore About Global Tech. Imagine working in an environment where one line of code can make life easier for hundreds of millions of people and put a smile on their face. That’s what we do at Walmart Global Tech. We’re a team of 15,000 software engineers, data scientists and service professionals within Walmart, the world’s largest retailer, delivering innovations that improve how our customers shop and empower our 2.3 million associates. To others, innovation looks like an…",,2026-09-01 16:22:36+00:00,Adzuna,https://www.adzuna.in/land/ad/5864437239?se=lB33Tkur8RGsJNkd9qy0NQ&utm_medium=api&utm_source=8944a0ae&v=E8CB5C1656F374F9014471506295894CECB88560,2026-09-08 06:05:36.694036+00:00,,,,IT Jobs,500,True,False
adzuna_5864437013,Data Analyst,Midtown Software,"Chandigarh, India",,"The ideal candidate will use their passion for big data and analytics to provide insights to the business covering a range of topics. The main field of Analysis will be the data on NatGasHub.com and the Energy Industry of the US and Canada. Timings-9:00 am to 6:00 pm Direct exposure to working with U.S. and Canadian clients. Responsibilities Understand the day-to-day issues that our business faces, which can be better understood with data Coordinate with the team to complete tasks Making sure t…",,2026-09-01 16:22:33+00:00,Adzuna,https://www.adzuna.in/land/ad/5864437013?se=lB33Tkur8RGsJNkd9qy0NQ&utm_medium=api&utm_source=8944a0ae&v=73B93ADD4FC40B21FE02ED63887439AAE12218B7,2026-09-08 06:05:36.693759+00:00,,,,Consultancy Jobs,500,True,False
adzuna_5864436500,Data Analyst,MS CLINICAL RESEARCH,"Bangalore, Karnataka",,"Job Title : Data Analyst (Statistician) Location : Indiranagar, Bangalore Job Type : Full-time Experience : 2-4 years Job Overview We are looking for a skilled Data Management Specialist to support data validation, analysis, and reporting for clinical and preclinical studies. The role involves ensuring data accuracy, resolving discrepancies, and generating insights to support research objectives. Ideal candidates will be detail-oriented, collaborative, and experienced in data handling and compl…",,2026-09-01 16:22:30+00:00,Adzuna,https://www.adzuna.in/land/ad/5864436500?se=NF6LTUur8RGyxtY0rUukWA&utm_medium=api&utm_source=8944a0ae&v=122F8311D1C4B66536CD2B390A4E3799EDEF9EBD,2026-09-08 06:05:34.103908+00:00,,,full_time,IT Jobs,500,True,False
adzuna_5864436325,Senior Data Insight Analyst [T500-27798],Albertsons Companies India,"Bangalore, Karnataka",,"About Albertsons Companies Inc.: As a leading food and drug retailer in the United States, Albertsons Companies, Inc. operates over 2,200 stores across 35 states and the District of Columbia. Our well-known banners across the United States, including Albertsons, Safeway, Vons, Jewel-Osco and others, serve more than 36 million U.S customers each week. We build and shape technology solutions that solve customers’ problems every day, making things easier for them when they shop with us online or i…",,2026-09-01 16:22:29+00:00,Adzuna,https://www.adzuna.in/land/ad/5864436325?se=sk5JU0ur8RGH8OtBJeYZ3A&utm_medium=api&utm_source=8944a0ae&v=E8C1DA325BC537A0371686CF61B58690A20D2703,2026-09-08 06:05:44.096094+00:00,,,,IT Jobs,500,True,False
adzuna_5864436299,Growth & Data Analyst,Lascade,"Kochi, Ernakulam",,"Lascade is looking for a highly analytical Growth & Data Analyst to help us make smarter business decisions through data. You’ll work across our software products, marketing campaigns, websites, and mobile applications to understand user behaviour, identify growth opportunities, improve conversions, and optimize business performance. If you enjoy solving problems using data and turning numbers into actionable insights, we’d love to hear from you. What You’ll Do • Analyze user behaviour across w…",,2026-09-01 16:22:28+00:00,Adzuna,https://www.adzuna.in/land/ad/5864436299?se=lB33Tkur8RGsJNkd9qy0NQ&utm_medium=api&utm_source=8944a0ae&v=F97568F44B3C95F4CD550E5A3E9B0DB3C4D83D6A,2026-09-08 06:05:36.693995+00:00,,,,IT Jobs,500,True,False
adzuna_5864436028,Data Analyst – Transport MIS & Data Analytics,Pahlé India Foundation,India,,"About Pahlé India Foundation Pahlé India Foundation (PIF) is a New Delhi-based public policy think-and-action tank founded by Dr. Rajiv Kumar, former Vice Chairman of NITI Aayog. PIF works with central and state governments, multilateral agencies, and institutional partners on policy research, implementation support, and advisory assignments across sectors including governance, transport, infrastructure, and public administration. PIF's Northeast Regional Office, based in Guwahati, leads the Fo…",,2026-09-01 16:22:27+00:00,Adzuna,https://www.adzuna.in/land/ad/5864436028?se=gBbnUUur8RGl-_JRamYmYw&utm_medium=api&utm_source=8944a0ae&v=BDFEC4BCF08F06F8676F0C0C720342EFB5D20490,2026-09-08 06:05:41.415011+00:00,,,full_time,IT Jobs,500,True,False
adzuna_5864435864,Senior Researcher & Data Analyst,Brainware University,"Barasat, North 24 Parganas",,"Senior Operations Associate Location: Both Barasat and Salt-Lake campus (as per University's requirement) Can you read data, find patterns and drive better decisions? Brainware University is hiring Data Analysts. Brainware University is expanding it s AI Research & Development Cell and is looking for talented individuals who can analyze data deeply, identify meaningful patterns, generate actionable insights and support better Institutional decisions . This is not a routine Reporting role. It is…",,2026-09-01 16:22:25+00:00,Adzuna,https://www.adzuna.in/land/ad/5864435864?se=PLh2UEur8RGyxtY0rUukWA&utm_medium=api&utm_source=8944a0ae&v=9F3F83C894062448AD53F3788D25942CC2977723,2026-09-08 06:05:39.142316+00:00,,,full_time,IT Jobs,500,True,False
adzuna_5864435853,Senior Data Analyst,Chubb,"Hyderabad, Telangana",,"About Chubb Chubb is a world leader in insurance. With operations in 54 countries and territories, Chubb provides commercial and personal property and casualty insurance, personal accident and supplemental health insurance, reinsurance and life insurance to a diverse group of clients. The company is defined by its extensive product and service offerings, broad distribution capabilities, exceptional financial strength and local operations globally. Parent company Chubb Limited is listed on the N…",,2026-09-01 16:22:25+00:00,Adzuna,https://www.adzuna.in/land/ad/5864435853?se=lB33Tkur8RGsJNkd9qy0NQ&utm_medium=api&utm_source=8944a0ae&v=DA1D1657194496199E2F9F84028D536FC9094189,2026-09-08 06:05:36.694069+00:00,,,full_time,IT Jobs,500,True,False
adzuna_5864435809,Data Engineer,Eloelo,"Bangalore, Karnataka",,"About Eloelo Group Eloelo Group is one of India's fastest-growing consumer technology companies, building category-defining products at the intersection of content, technology, and culture. The Group's flagship products — Story TV in micro-drama and Master in micro-learning — have together placed two Eloelo apps in India's Top 10, reaching over 100 million Indians who consume short-form vertical content every day. Story TV is India's leading micro-drama platform, with 10M users and 500 original…",,2026-09-01 16:22:24+00:00,Adzuna,https://www.adzuna.in/land/ad/5864435809?se=jOfPVEur8RGsJNkd9qy0NQ&utm_medium=api&utm_source=8944a0ae&v=20BAD0F7FF1E351206951E61E4C6004BEC9CFD4E,2026-09-08 06:05:46.299707+00:00,,,,IT Jobs,500,True,False
adzuna_5864435640,User Experience Designer,EXL,"Bangalore, Karnataka",,"Role: Power BI Wireframe Designer (Banking Domain) Location: Gurgaon (Delhi NCR) / Bangalore Work Model: 5 Days Mandatory Work from Office Type: Full-Time Experience: 5 to 7 Years Role Summary We are looking for an experienced Wireframe Designer with expertise in designing analytical dashboards and reporting solutions for the banking and financial services domain. The ideal candidate will be responsible for translating business requirements, KPIs, and decision-making needs into intuitive dashbo…",,2026-09-01 16:22:22+00:00,Adzuna,https://www.adzuna.in/land/ad/5864435640?se=QiS1aEur8RGl-_JRamYmYw&utm_medium=api&utm_source=8944a0ae&v=5FA8499439247873A7B8A5CAB5D3BFA79004A05C,2026-09-08 06:06:19.742130+00:00,,,full_time,IT Jobs,500,True,False
adzuna_5864434849,Team Lead - Data & AI,Jarvis Technology and Strategy Consulting,"New Delhi, Delhi",,"Role: Team Lead - Data & AI Employment Type: Full-Time Experience: 5-8 Years Location: New Delhi (On-site) About the Role: We are looking for a hands-on Technical Manager, Data & AI , who can build and lead our data department from the ground up. The role requires someone who can manage teams while also understanding and driving the technical work from data scraping and pipeline development to analytics, data science, AI/ML models and deployment. You will lead three specialized teams: Data Gene…",,2026-09-01 16:22:13+00:00,Adzuna,https://www.adzuna.in/land/ad/5864434849?se=mJoXZ0ur8RGH8OtBJeYZ3A&utm_medium=api&utm_source=8944a0ae&v=DFBB0C7C261976B80927924B3822902D81197991,2026-09-08 06:06:17.011187+00:00,,,full_time,IT Jobs,500,True,False
adzuna_5864434823,Data Storage & Warehousing Senior Analyst [T500-28556],Inspire,"Hyderabad, Telangana",,"About Inspire Brands: Inspire Brands is disrupting the restaurant industry through digital transformation and operational efficiencies. The company’s technology hub, Inspire Brands Hyderabad Support Center, India, will lead technology innovation and product development for the organization and its portfolio of distinct brands. The Inspire Brands Hyderabad Support Center will focus on developing new capabilities in data science, data analytics, eCommerce, automation, cloud computing, and informa…",,2026-09-01 16:22:12+00:00,Adzuna,https://www.adzuna.in/land/ad/5864434823?se=CnkoVkur8RGeZZqPEbx3QQ&utm_medium=api&utm_source=8944a0ae&v=250026F579696B22A1C9E6BDF88009641E437199,2026-09-08 06:05:48.899129+00:00,,,,IT Jobs,500,True,False
adzuna_5864433680,Data Integration Specialist,TEKsystems Global Services in India,"Hyderabad, Telangana",,"Migrate existing ETL workflows from Informatica and SSIS to SnapLogic. Design and develop new ETL pipelines using SnapLogic for data ingestion, transformation, and loading. Implement cloud-based ETL solutions leveraging: AWS Services: S3 for storage, Lambda for serverless processing, Glue for ETL orchestration, and CloudWatch for monitoring. Infrastructure as Code: CloudFormation for provisioning ETL environments. Write and maintain shell scripts for automation and job orchestration. Develop an…",,2026-09-01 16:22:05+00:00,Adzuna,https://www.adzuna.in/land/ad/5864433680?se=kEahV0ur8RGGPLEEriM0Iw&utm_medium=api&utm_source=8944a0ae&v=DEA1427A7A5DC3239CD9A0E07C079383E0C9B284,2026-09-08 06:05:51.064759+00:00,,,,IT Jobs,500,True,False
adzuna_5864433088,Workiva (WDesk/Wdata & SQL),Coforge,"Hyderabad, Telangana",,"We are Hiring: Data Analyst – Workiva (WDesk/Wdata & SQL). Must Have Skills:- hands-on experience in Workiva (WDesk/Wdata). Company: Coforge Ltd. Job Location: Hyderabad, Pune & Greater Noida Experience: 5–7 Years Employment Type: Full-Time Share your CV: Gaurav.2.Kumar@coforge.com WhatsApp: 9667427662 Job Summary:- We are looking for a skilled Data Analyst with strong expertise in SQL and hands-on experience in Workiva (WDesk/Wdata) . The role involves analyzing complex datasets, generating ac…",,2026-09-01 16:22:00+00:00,Adzuna,https://www.adzuna.in/land/ad/5864433088?se=jOfPVEur8RGsJNkd9qy0NQ&utm_medium=api&utm_source=8944a0ae&v=513197DD929E70CCCAE6CE4B02FB59D2A537122E,2026-09-08 06:05:46.299253+00:00,,,full_time,IT Jobs,500,True,False
adzuna_5864432450,Credit Risk Data Analyst,Etenico Technologies,India,,"Credit Risk Data Analyst –SQL, Python & PySpark Experience: 3–7 Years Location: Bangalore Notice - Immediate to 15 Days Role Summary Seeking a Credit Risk Data Analyst with strong hands-on expertise in Python and PySpark to support large-scale data processing, validation, and analytics across credit risk datasets. The role focuses on leveraging distributed data frameworks to ensure data accuracy, scalability, and efficient processing within modern data platforms. Key Responsibilities Perform la…",,2026-09-01 16:21:54+00:00,Adzuna,https://www.adzuna.in/land/ad/5864432450?se=PLh2UEur8RGyxtY0rUukWA&utm_medium=api&utm_source=8944a0ae&v=A00ECD5373D7D14FD6E17EFBED376065824FF670,2026-09-08 06:05:39.142237+00:00,,,,IT Jobs,500,True,False
adzuna_5864432449,Data Analyst,EXL,"Chennai, Tamil Nadu",,"Bachelor’s degree with minimum 6 years’ experience as Data Analyst ● Highly numerate and passionate about data and analytics ● Excellent analytical and problem-solving skills, with knowledge of SQL & Data Visualization best practices. ● Self-starter with ability to work on own initiative and strong attention to detail, completing tasks to a very high degree of accuracy. ● Strong communication and presentation skills, able to evidence proven ability engage with senior stakeholders and influence …",,2026-09-01 16:21:54+00:00,Adzuna,https://www.adzuna.in/land/ad/5864432449?se=NF6LTUur8RGyxtY0rUukWA&utm_medium=api&utm_source=8944a0ae&v=0464D1D46052005EBAED171BB113CF1C11F71B8A,2026-09-08 06:05:34.103676+00:00,,,,IT Jobs,500,True,False
adzuna_5864432410,Data Engineer,Data Eminence,India,,"Join Data Eminence as a remote Data Engineer and help build reliable data pipelines and infrastructure that power analytics and business decisions. You'll work with databases, ETL processes, cloud platforms, and data processing technologies to collect, transform, and organize data. Ideal for entry-level candidates with strong SQL and programming fundamentals. Full Description Data Eminence is seeking a motivated Data Engineer to join our growing data team. In this role, you will help design, de…",,2026-09-01 16:21:53+00:00,Adzuna,https://www.adzuna.in/land/ad/5864432410?se=jOfPVEur8RGsJNkd9qy0NQ&utm_medium=api&utm_source=8944a0ae&v=98B906DC250BF151733C57E656885CF21BE3EB17,2026-09-08 06:05:46.299608+00:00,,,contract,IT Jobs,500,True,False
adzuna_5864431974,Online Data Analyst Urdu _India,TELUS Digital AI Data Solutions,India,,"Job description Are you a detail-oriented individual with a passion for research and a good understanding of national and local geography? This freelance opportunity allows you to work at your own pace and from the comfort of your own home. A Day in the Life of an Online Data Analyst: In this role, you will be working on a project aimed at enhancing the content and quality of digital maps that are used by millions of people worldwide Completing research and evaluation tasks in a web-based envir…",,2026-09-01 16:21:49+00:00,Adzuna,https://www.adzuna.in/land/ad/5864431974?se=gBbnUUur8RGl-_JRamYmYw&utm_medium=api&utm_source=8944a0ae&v=01A13B06799CE22D37702B68F8348162D5040672,2026-09-08 06:05:41.415148+00:00,,,contract,Scientific & QA Jobs,500,True,False
adzuna_5864431866,Data Analyst,AGOS Aviation,"Mumbai, Maharashtra",,"Hiring: Enterprise Data Analyst Location: Mumbai (Andher East) Experience: Open Employment Type: Full-Time About the Role We are looking for a highly analytical and tech-savvy Enterprise Data Analyst to transform data into actionable business insights. The ideal candidate will have experience in data analytics, business intelligence, AI-enabled solutions, and dashboard development, with a passion for solving business problems through data. Key Responsibilities Develop and maintain interactive d…",,2026-09-01 16:21:48+00:00,Adzuna,https://www.adzuna.in/land/ad/5864431866?se=NF6LTUur8RGyxtY0rUukWA&utm_medium=api&utm_source=8944a0ae&v=271C67E754E0184CB68BA0EA8B440D24E173CFC0,2026-09-08 06:05:34.103782+00:00,,,full_time,IT Jobs,500,True,False
adzuna_5864431843,Data Analyst,Arcana,"Coimbatore, Tamil Nadu",,"About Arcana Arcana is a portfolio intelligence platform used by hedge funds and asset managers to analyze performance and risk. We’re rethinking the tools institutional investors rely on—and we’re hiring analysts who want to help drive that transformation. Role Overview We are looking for a Data Analyst to work with large-scale financial datasets, ensure high data quality, and deliver actionable insights through dashboards and reports. The role focuses on building and maintaining robust data q…",,2026-09-01 16:21:48+00:00,Adzuna,https://www.adzuna.in/land/ad/5864431843?se=NF6LTUur8RGyxtY0rUukWA&utm_medium=api&utm_source=8944a0ae&v=9079E47BDD32D4548142621A352516C249E4F2F6,2026-09-08 06:05:34.103933+00:00,,,,IT Jobs,500,True,False
adzuna_5864431665,Data Analyst,Mastek,"Noida, Ghaziabad",,Key Responsibilities Customization and configuration of solutions/platforms Data Integration activities Implementation and deployment support Data Validation and quality checks Dashboard development and reporting Mandatory Skills Strong SQL proficiency Good reading and comprehension skills Experience in Data Integration and ETL processes Strong written communication skills Preferred Experience US Healthcare domain experience is preferred Candidates from other domains may also be considered if t…,,2026-09-01 16:21:47+00:00,Adzuna,https://www.adzuna.in/land/ad/5864431665?se=lB33Tkur8RGsJNkd9qy0NQ&utm_medium=api&utm_source=8944a0ae&v=8443AA337205F064EB326A1AFEC1954D0DE0BC97,2026-09-08 06:05:36.693684+00:00,,,,IT Jobs,500,True,False
adzuna_5864431703,Data Analytics Analyst ( Life Sciences),IQVIA India,"Bangalore, Karnataka",,"Project Role: Data Analytics Analyst Work Experience: 3 Years Work location: Bengalore Work Mode: Hybrid Must Have Skills: Work on secondary data analysis (patients, physicians, pharmacists),forecasting reports Use Power BI for reporting and dashboards Join us on our exciting journey! About IQVIA IQVIA is a leading global provider of advanced analytics, technology solutions, and clinical research services to the life sciences industry. IQVIA creates intelligent connections across all aspects of…",,2026-09-01 16:21:47+00:00,Adzuna,https://www.adzuna.in/land/ad/5864431703?se=sk5JU0ur8RGH8OtBJeYZ3A&utm_medium=api&utm_source=8944a0ae&v=D36DA1EE63C1B39383FA4173F74B9E5201E9DD8E,2026-09-08 06:05:44.095918+00:00,,,,IT Jobs,500,True,False
adzuna_5864431325,Sr. Data & Reporting Analyst,iShare Inc.,India,,"Senior Engineer – Applied AI (Agentic AI Systems) Tenure: 6 Months Location: Remote Shift: 2 PM – 11 PM Experience: 5–8 Years Role Overview: We are looking for a hands-on Senior Engineer to build and productionize GenAI and Agentic AI solutions , with strong backend engineering and production support experience. Must-Have Skills: Strong Python development GenAI / LLM application development Agentic AI frameworks – LangGraph, LangChain, AutoGen, CrewAI, LlamaIndex RAG , prompt engineering, tool …",,2026-09-01 16:21:45+00:00,Adzuna,https://www.adzuna.in/land/ad/5864431325?se=sk5JU0ur8RGH8OtBJeYZ3A&utm_medium=api&utm_source=8944a0ae&v=64782C989A6675C770787F7D2B4D5ECA4A24232B,2026-09-08 06:05:44.095745+00:00,,,,IT Jobs,500,True,False
adzuna_5864431152,Senior Data Engineer (Analyst/Scientist) - Remote,Kake,"Hyderabad, Telangana",,"Senior Data Engineer (Analyst/Scientist) - Remote Kake is a remote-first company and a people-first global community of senior engineers. Kake engineers are behind some of the world’s most innovative products (Brands you’ve heard!), from Fortune 500 to fast-growing companies. We believe it’s not where your table is, but what you bring to the table that matters. Our community spans 45,000 engineers across 55 countries; join a culture where great people stay, grow, and thrive (and love eating kak…",,2026-09-01 16:21:43+00:00,Adzuna,https://www.adzuna.in/land/ad/5864431152?se=sk5JU0ur8RGH8OtBJeYZ3A&utm_medium=api&utm_source=8944a0ae&v=992068F702D0BD1D92EF8D1AB0E5CA33A0D15B29,2026-09-08 06:05:44.096035+00:00,,,,IT Jobs,500,True,False
adzuna_5864430870,Data Engineer,EXL,India,,"About the Role We are looking for a highly skilled AWS Data Engineer to design, build, and optimize scalable data solutions on AWS cloud. The ideal candidate should have strong expertise in data engineering, ETL/ELT development, cloud-native architectures, and modern data warehousing technologies. Key Responsibilities Design, develop, and maintain scalable data pipelines on AWS. Build and optimize ETL/ELT processes for structured and unstructured data. Develop data ingestion frameworks from mul…",,2026-09-01 16:21:42+00:00,Adzuna,https://www.adzuna.in/land/ad/5864430870?se=jOfPVEur8RGsJNkd9qy0NQ&utm_medium=api&utm_source=8944a0ae&v=A3E7642746CEFD231E55AF3945F31DC2BC9ED8AF,2026-09-08 06:05:46.299477+00:00,,,,IT Jobs,500,True,False
adzuna_5864430614,Data Specialist,IMI,"Bangalore, Karnataka",,"IMI plc We are a global specialist engineering company that creates breakthrough solutions. We are curious and like to solve problems, partnering with our customers to solve the demands of today and prepare for the challenges of tomorrow. We embrace innovation and care about outcomes that are good for business, everyday life and making a better world – creating lasting impact for everyone. We design, build and service highly engineered products in fluid and motion control applications. We focus…",,2026-09-01 16:21:41+00:00,Adzuna,https://www.adzuna.in/land/ad/5864430614?se=mJoXZ0ur8RGH8OtBJeYZ3A&utm_medium=api&utm_source=8944a0ae&v=9066015EE3BBB15440584687BA5A1E2A2A0DD6BC,2026-09-08 06:06:17.010785+00:00,,,,IT Jobs,500,True,False
adzuna_5864430403,Senior Data Analyst,Magma General Insurance Limited,"Mumbai, Maharashtra",,"Role Overview We are seeking highly skilled Analytics & Data Science professionals (5–7 years of experience) with strong domain expertise in Insurance/Financial Services. The role focuses on developing data-driven solutions across Fraud Detection, Risk Prediction, and Underwriting Analytics. Key Responsibilities Develop and deploy machine learning models for fraud detection, underwriting risk, and customer risk profiling. Build scalable data pipelines and feature engineering frameworks using Py…",,2026-09-01 16:21:39+00:00,Adzuna,https://www.adzuna.in/land/ad/5864430403?se=PLh2UEur8RGyxtY0rUukWA&utm_medium=api&utm_source=8944a0ae&v=EC5BC479A8B8E486C6A455CE4BFE36E30C6A846D,2026-09-08 06:05:39.142075+00:00,,,,IT Jobs,500,True,False
adzuna_5864430306,Data Engineering Lead,IndusInd Bank,"Mumbai, Maharashtra",,"Greetings from IndusInd Bank We are currently hiring for Lead Data Engineer Location- Mumbai Experience- 10 to 17 Yrs Role Details: Lead, design, and build a cloud-native data platform on Azure, with a strong focus on Azure Databricks and modern data engineering practices. This role requires a hands-on technical leader who can architect scalable solutions while leading a team of Data Engineers and Data Analysts to deliver high-quality data products and insights. Overall, Job Description Data Mo…",,2026-09-01 16:21:38+00:00,Adzuna,https://www.adzuna.in/land/ad/5864430306?se=CnkoVkur8RGeZZqPEbx3QQ&utm_medium=api&utm_source=8944a0ae&v=FBD1CA6BA04E4F33F91AFEADC32AAA537E31BDE3,2026-09-08 06:05:48.899021+00:00,,,,IT Jobs,500,True,False
adzuna_5864429874,Lead Data Engineer (Fullstack and Palantir),Lear Corporation,India,,"Job Description: Lead Data Engineer (Palantir Foundry) Overview: As a Foundry Platform Engineer (dependent on the name of the role) at Lear, you will own the full lifecycle of data and operational applications within Palantir Foundry, from ingesting and modeling data, to building the Ontology, to delivering the applications and logic that turn data into operational decisions. You will build and maintain robust data pipelines, model real-world business concepts as Ontology objects, implement bus…",,2026-09-01 16:21:34+00:00,Adzuna,https://www.adzuna.in/land/ad/5864429874?se=mJoXZ0ur8RGH8OtBJeYZ3A&utm_medium=api&utm_source=8944a0ae&v=C0C85B05E4892761A8EF1C3E4DA89B2D51867448,2026-09-08 06:06:17.010834+00:00,,,,IT Jobs,500,True,False
adzuna_5864429852,Microsoft Fabric Consultant,Creospan Private Limited,India,,"Creospan is a growing tech collective of makers, shakers and problem solvers, offering solutions today that will propel businesses into a better tomorrow. “Tomorrow's ideas, built today!” In addition to being able to work alongside equally brilliant and motivated developers, our consultants appreciate the opportunity to learn and apply new skills and methodologies throughout different clients and industries.Job Summary Design, build, and maintain scalable data pipelines and solutions using Micr…",,2026-09-01 16:21:33+00:00,Adzuna,https://www.adzuna.in/land/ad/5864429852?se=mJoXZ0ur8RGH8OtBJeYZ3A&utm_medium=api&utm_source=8944a0ae&v=ACA5D15DF5FE9893A209F040846FE9FEFA1A18A4,2026-09-08 06:06:17.011037+00:00,,,,IT Jobs,500,True,False
adzuna_5864429416,Lead Data Insight Analyst [T500-28720],Albertsons Companies India,"Bangalore, Karnataka",,"About Albertsons Companies Inc.: As a leading food and drug retailer in the United States, Albertsons Companies, Inc. operates over 2,200 stores across 35 states and the District of Columbia. Our well-known banners across the United States, including Albertsons, Safeway, Vons, Jewel-Osco and others, serve more than 36 million U.S customers each week. We build and shape technology solutions that solve customers’ problems every day, making things easier for them when they shop with us online or i…",,2026-09-01 16:21:28+00:00,Adzuna,https://www.adzuna.in/land/ad/5864429416?se=sk5JU0ur8RGH8OtBJeYZ3A&utm_medium=api&utm_source=8944a0ae&v=73C4A2F68145DFDBA2EB989FD748B0775803D851,2026-09-08 06:05:44.096006+00:00,,,,IT Jobs,500,True,False
adzuna_5864429089,AWS Data Engineer,Persistent Systems,India,,"About Position: We are seeking an experienced AWS Data Engineer with 8-12 years of experience in designing, developing, and supporting cloud-native data platforms and ETL solutions on AWS. The ideal candidate will be responsible for building scalable data pipelines, implementing event-driven architectures, automating infrastructure, and enabling reliable data integration across enterprise applications. This role requires strong expertise in AWS Glue, AWS Lambda, Step Functions, S3, Terraform, C…",,2026-09-01 16:21:25+00:00,Adzuna,https://www.adzuna.in/land/ad/5864429089?se=CnkoVkur8RGeZZqPEbx3QQ&utm_medium=api&utm_source=8944a0ae&v=80F4EC574DBB306835F016DFA18F30F48315A7C0,2026-09-08 06:05:48.899490+00:00,,,full_time,IT Jobs,500,True,False
adzuna_5864428871,GCP Data Engineer - 5 to 10 years -PAN INDIA,Tata Consultancy Services,"Bangalore, Karnataka",,"Location: PAN INDIA Exp Range: 5 to 10 years Mode of Interview : Online Job Description A Google Cloud Platform (GCP) Data Engineer designs, builds, and maintains scalable data pipelines, data warehouses, and big data solutions on Google Cloud. They transform raw data into clean, accessible formats to power business analytics, reporting, and machine learning models. Key Responsibilities Data Pipeline Development: Build robust ETL/ELT data ingestion and processing workflows using services like C…",,2026-09-01 16:21:21+00:00,Adzuna,https://www.adzuna.in/land/ad/5864428871?se=kEahV0ur8RGGPLEEriM0Iw&utm_medium=api&utm_source=8944a0ae&v=6EE9C295551C642CF8E6766A1DF0362261C6CA33,2026-09-08 06:05:51.065102+00:00,,,,IT Jobs,500,True,False
adzuna_5864428505,Senior Data & Market Research Analyst,Proeze,"Chennai, Tamil Nadu",,"About the Role We are looking for a highly analytical and research-driven Senior Data & Market Research Analyst to support our sales and marketing teams through market research, lead generation, and business intelligence. The ideal candidate should be capable of independently researching industries, identifying target accounts, generating qualified leads, validating data, and managing the complete lead generation lifecycle from scratch. Key Responsibilities Market Research & Intelligence Conduc…",,2026-09-01 16:21:17+00:00,Adzuna,https://www.adzuna.in/land/ad/5864428505?se=sk5JU0ur8RGH8OtBJeYZ3A&utm_medium=api&utm_source=8944a0ae&v=9A5223101BE54EF247EFF01A0937357D69100CF5,2026-09-08 06:05:44.096228+00:00,,,,Sales Jobs,500,True,False
adzuna_5864428383,PHP Developer- Laravel,Progenesis IVF Fertility Center,"Thane, Maharashtra",,"The ideal candidate is a highly resourceful and innovative developer with extensive experience in the layout, design and coding of websites specifically in PHP format. You must also possess a strong knowledge of web application development using PHP programming language and MySQL Server databases. Responsibilities Perform a mix of maintenance, enhancements, and new development as required Work in a data analyst role and with business intelligence applications Document features, technical specif…",,2026-09-01 16:21:15+00:00,Adzuna,https://www.adzuna.in/land/ad/5864428383?se=jOfPVEur8RGsJNkd9qy0NQ&utm_medium=api&utm_source=8944a0ae&v=84F86766FFD2E099F66D6575475FF3AAEFE224E7,2026-09-08 06:05:46.299418+00:00,,,,IT Jobs,500,True,False
adzuna_5864427756,Data Analyst,Mastek,"Noida, Ghaziabad",,"Experience: 2–6 years Core Skills: Good SQL ( mandatory ), Python (good to have), Tableau or Power BI (good to have) Key Competencies: Strong hands-on experience in ETL, data cleaning, and data analysis Experience in creating and automating data workflows to support end-user use cases We would prefer candidates with a strong Data Analyst / Analytics background and would like to avoid profiles that are primarily focused on Data Engineering with PySpark, Databricks, Spark, etc.",,2026-09-01 16:21:11+00:00,Adzuna,https://www.adzuna.in/land/ad/5864427756?se=NF6LTUur8RGyxtY0rUukWA&utm_medium=api&utm_source=8944a0ae&v=AEA628F23277BB549AA88D2B32E11A5A05E1DA74,2026-09-08 06:05:34.103703+00:00,,,,IT Jobs,480,True,False
adzuna_5864427373,Senior Data Analyst,Prescience Decision Solutions,"Bangalore, Karnataka",,"Experience: 3 -5 Years (In Data Analytics) Mode: Hybrid - Fulltime Location: Bangalore Must Have Skills: Advanced SQL, Complex queries, Business Analysis, Experimentation Prefer: Immediate Joiners/Serving Notice Key Skills & Qualifications: Advanced SQL expertise with strong proficiency in writing and optimizing complex queries. Proven ability to solve business problems through data-driven analysis and business case studies. Strong communication and stakeholder management skills, with the abili…",,2026-09-01 16:21:00+00:00,Adzuna,https://www.adzuna.in/land/ad/5864427373?se=PLh2UEur8RGyxtY0rUukWA&utm_medium=api&utm_source=8944a0ae&v=687D8C20A823EBBDC541E566B6C08EABC2579CE0,2026-09-08 06:05:39.142118+00:00,,,full_time,IT Jobs,500,True,False
adzuna_5864427382,Python Technical Lead,JRD Systems,"Bangalore, Karnataka",,"What’s in it for you: We are looking for an innovative, mission-driven Technical Lead with strong backend engineering, data pipeline, design, and architecture experience to make a significant impact by designing and delivering AWS cloud-native solutions that enable analysts to forecast long- and short-term trends in the automotive industry. This role requires hands-on technical depth, proven experience in solution design and system architecture, and the ability to lead engineering teams in a fa…",,2026-09-01 16:21:00+00:00,Adzuna,https://www.adzuna.in/land/ad/5864427382?se=CnkoVkur8RGeZZqPEbx3QQ&utm_medium=api&utm_source=8944a0ae&v=28E51369C4DC5423C213C0BA6BF6A0E20923971B,2026-09-08 06:05:48.899383+00:00,,,,IT Jobs,500,True,False
adzuna_5864427059,Online Data Analyst - Punjabi,TELUS Digital,India,,"Job description Are you a detail-oriented individual with a passion for research and a good understanding of national and local geography? This freelance opportunity allows you to work at your own pace and from the comfort of your own home. A Day in the Life of an Online Data Analyst: In this role, you will be working on a project aimed at enhancing the content and quality of digital maps that are used by millions of people worldwide Completing research and evaluation tasks in a web-based envir…",,2026-09-01 16:20:55+00:00,Adzuna,https://www.adzuna.in/land/ad/5864427059?se=PLh2UEur8RGyxtY0rUukWA&utm_medium=api&utm_source=8944a0ae&v=697F10C9127A42B13C1B5E1766C09C85F26B04B8,2026-09-08 06:05:39.142295+00:00,,,contract,Scientific & QA Jobs,500,True,False
adzuna_5864426729,Data Analyst,Straive,India,,"Job Description: This is an individual-contributor role within the Content Strategy team in Norstella Content Operations, reporting to the Director, Analytics & Insights (Clinical RWD/RWE Solutions). It is a hands-on technical role that turns approved clinical specifications and business rules into robust, scalable, production-grade RWD pipelines and analytical outputs. Clinical qualification is not required; deep technical fluency in real-world data engineering and analytics is. The role is UK…",,2026-09-01 16:20:52+00:00,Adzuna,https://www.adzuna.in/land/ad/5864426729?se=lB33Tkur8RGsJNkd9qy0NQ&utm_medium=api&utm_source=8944a0ae&v=C6F1BE98A288A8DBD74C8E1837C497C0ABD895E0,2026-09-08 06:05:36.693737+00:00,,,,Scientific & QA Jobs,500,True,False
adzuna_5864426421,Data Analyst,WhiteLotus Talent Partners,"Hyderabad, Telangana",,Job Title- Data Analyst Location- Bangalore / Hyderabad Mode- Onsite Job Type: Full-Time Must have Skill: Python scripts Domain Insurance Required Skills & Experience • Good hands-on experience to create Python scripts for data frames and data analysis • Proven ability to analyze large datasets and identify data quality or consistency issues • Experience working directly with business users and translating business questions into requirements • Excellent communication skills (verbal and written…,,2026-09-01 16:20:48+00:00,Adzuna,https://www.adzuna.in/land/ad/5864426421?se=NF6LTUur8RGyxtY0rUukWA&utm_medium=api&utm_source=8944a0ae&v=D1EB104E72A21E3DF692D8A7FE49CD9CD823CCFA,2026-09-08 06:05:34.103757+00:00,,,full_time,IT Jobs,500,True,False
adzuna_5864426422,SAP MM data migration analyst,Zora Technology Inc,India,,"Company Description Zora Technology Inc. is a technology-focused organization dedicated to helping businesses modernize and optimize their enterprise systems. The company delivers tailored IT consulting and implementation services, with a strong emphasis on data integrity, system reliability, and process efficiency. Teams at Zora Technology Inc. work with leading platforms such as SAP to support complex digital transformation initiatives. The company values collaboration, continuous learning, a…",,2026-09-01 16:20:48+00:00,Adzuna,https://www.adzuna.in/land/ad/5864426422?se=sk5JU0ur8RGH8OtBJeYZ3A&utm_medium=api&utm_source=8944a0ae&v=E4E8B035032C32D8DB5DD7111FED480D9643C782,2026-09-08 06:05:44.095947+00:00,,,full_time,IT Jobs,500,True,False
adzuna_5864426328,Senior Data Analyst,Epsilon,"Bangalore, Karnataka",,"Senior Data Analyst Data Analytics Overview About Business Unit: Powerful predictors of the future - our Analytics team seamlessly blends data science and business intelligence to provide unparalleled foresight for our platform offerings. They turn insights into actionable results for our clients by collaborating with senior team members and staying ahead of market trends, powered by our data assets. By using new-age analytic tools and emerging technologies, the team cultivates a dynamic learni…",,2026-09-01 16:20:46+00:00,Adzuna,https://www.adzuna.in/land/ad/5864426328?se=lB33Tkur8RGsJNkd9qy0NQ&utm_medium=api&utm_source=8944a0ae&v=D5165DAA2EE49F3BC50281F72D56B81CB9E01104,2026-09-08 06:05:36.693893+00:00,,,,Consultancy Jobs,500,True,False
adzuna_5864425686,Senior Data Engineer,Programmers.io,India,,"Job Description We are seeking a highly skilled Snowflake Data Engineer to design, build, and optimize scalable data solutions using cloud and Snowflake. The ideal candidate will have hands-on experience in cloud-based data engineering, data warehousing, ETL/ELT development, and modern data architecture. The role involves collaborating with business stakeholders, data analysts, and data scientists to deliver robust and high-performance data platforms. 7 years of data engineering Expert SQL Stro…",,2026-09-01 16:20:36+00:00,Adzuna,https://www.adzuna.in/land/ad/5864425686?se=jOfPVEur8RGsJNkd9qy0NQ&utm_medium=api&utm_source=8944a0ae&v=5E8381E596F65013E605E6F6973F68C7FA857035,2026-09-08 06:05:46.299365+00:00,,,,IT Jobs,500,True,False
adzuna_5864425207,Data Analyst,StoryTV App,"Bangalore, Karnataka",,"About Eloelo Group Eloelo Group is one of India's fastest-growing consumer technology companies, building category-defining products at the intersection of content, technology, and culture. The Group's flagship products — Story TV in micro-drama and Master in micro-learning — have together placed two Eloelo apps in India's Top 10, reaching over 100 million Indians who consume short-form vertical content every day. Story TV is India's leading micro-drama platform, with 10M users and 500 original…",,2026-09-01 16:20:32+00:00,Adzuna,https://www.adzuna.in/land/ad/5864425207?se=NF6LTUur8RGyxtY0rUukWA&utm_medium=api&utm_source=8944a0ae&v=3C35BB0258AA094C6A6338FF522F523FA7E988A4,2026-09-08 06:05:34.103733+00:00,,,,"PR, Advertising & Marketing Jobs",500,True,False
adzuna_5864425045,Data Specialist,HighRadius,"Hyderabad, Telangana",,"Be a part of the CEO's vision for the next generation of performance management. As a Data Analyst on the AutoPH team, you will be responsible for collecting, analyzing, and interpreting data to help optimize AutoPH processes, improve system accuracy, and support decision-making. This role involves working with large datasets from various systems and tools, identifying trends, generating reports, and providing actionable insights to support operational, project, and business objectives. Key Res…",,2026-09-01 16:20:31+00:00,Adzuna,https://www.adzuna.in/land/ad/5864425045?se=kEahV0ur8RGGPLEEriM0Iw&utm_medium=api&utm_source=8944a0ae&v=AC3DA656B59EF21E3BA75E6C37047984C3298851,2026-09-08 06:05:51.064576+00:00,,,,IT Jobs,500,True,False
adzuna_5864424975,Azure Data Engineer,EXL,"Noida, Ghaziabad",,"Role - Azure Data Engineer Mandatory Skill - Azure Data Factory, DBT, Snowflake Experience range - 5-8 yrs Location- Noida, Gurgaon, Pune, Bangalore, Hyderabad, Chennai Job Description: Key Responsibilities : o Design and develop ETL/ELT pipelines using Azure Data Factory, Snowflake, and DBT. o Build and maintain data integration workflows from various data sources to Snowflake. o Write efficient and optimized SQL queries for data extraction and transformation. o Work with stakeholders to under…",,2026-09-01 16:20:30+00:00,Adzuna,https://www.adzuna.in/land/ad/5864424975?se=CnkoVkur8RGeZZqPEbx3QQ&utm_medium=api&utm_source=8944a0ae&v=163261631D27D6F7FA1472B3419BDD9177EDCB52,2026-09-08 06:05:48.899157+00:00,,,,IT Jobs,500,True,False
adzuna_5864424584,AWS Data Engineer,Tata Consultancy Services,"Noida, Ghaziabad",,"TCS Hiring | Azure Data Engineer | Noida Greetings from Tata Consultancy Services (TCS)! We are looking for As an AWS Data Engineer with strong expertise in Python, PySpark, and AWS Data Services to design, build, and optimize scalable data pipelines and cloud-based data platforms. The ideal candidate should have hands-on experience in big data processing, data integration, cloud migration, and data warehousing solutions on AWS. Job Title- AWS Data Engineer Location - Noida Experience Requir…",,2026-09-01 16:20:25+00:00,Adzuna,https://www.adzuna.in/land/ad/5864424584?se=CnkoVkur8RGeZZqPEbx3QQ&utm_medium=api&utm_source=8944a0ae&v=2CA11728731062040B29006B348C119AFE3A75CC,2026-09-08 06:05:48.899067+00:00,,,,IT Jobs,497,True,False
adzuna_5864423974,SAP Data Migration Functional Analyst EAM/PM,EnQubes,India,,"SAP Data Migration Functional Analyst – Enterprise Asset Management (EAM) / Plant Maintenance (PM) The SAP Data Migration Functional Analyst – Enterprise Asset Management (EAM) / Plant Maintenance (PM) is responsible for the end-to-end functional ownership of assigned SAP data migration objects supporting SAP S/4HANA Enterprise Asset Management business processes. The role serves as the primary liaison between Business Process Teams, Business Data Owners, Data Construction SMEs, and Data Migrat…",,2026-09-01 16:20:17+00:00,Adzuna,https://www.adzuna.in/land/ad/5864423974?se=jOfPVEur8RGsJNkd9qy0NQ&utm_medium=api&utm_source=8944a0ae&v=BC8096D16163F54D667C0C1DB66753CC1260D1B7,2026-09-08 06:05:46.299339+00:00,,,,IT Jobs,500,True,False
adzuna_5864423735,Senior Data Scientist,Accendra Health,India,,"The Sr. Data Scientist will be responsible for supporting the Data Analytics and Billing & Reimbursement teams with demonstrable positive return on investment to internal process owners and executive leadership in terms of improved market growth, reduced operating costs, and improved process effectiveness and efficiencies across all enterprise functions. With support from Data Analysts team, the Sr. Data scientist identifies business trends and problems through complex big data analysis. Interp…",,2026-09-01 16:20:14+00:00,Adzuna,https://www.adzuna.in/land/ad/5864423735?se=QiS1aEur8RGl-_JRamYmYw&utm_medium=api&utm_source=8944a0ae&v=71AD98CCB62E8AC94B352716E61C32B1D3B3131A,2026-09-08 06:06:19.742177+00:00,,,,IT Jobs,500,True,False
adzuna_5864423387,Tcs Hiring | GCP Data Engineer | 6-8 Years | PAN India,Tata Consultancy Services,"Hyderabad, Telangana",,TCS Hiring | GCP Data Engineer | 6 to 8 Years | PAN India Join Tata Consultancy Services (TCS) as a Data Engineer and be part of building scalable cloud-native data platforms and high-performance data pipelines. Role: GCP Data Engineer Experience: 6 to 8 Years Location: PAN India Required Skills: Python Programming Google Cloud Platform (GCP) Cloud Composer Dataproc Cloud Pub/Sub ETL Development & Data Pipelines SQL & PostgreSQL Big Data Technologies Data Warehousing & Large Dataset Processing …,,2026-09-01 16:20:10+00:00,Adzuna,https://www.adzuna.in/land/ad/5864423387?se=mJoXZ0ur8RGH8OtBJeYZ3A&utm_medium=api&utm_source=8944a0ae&v=E60CE68407D269A51F50464F3339C1E9981CAB30,2026-09-08 06:06:17.010736+00:00,,,,IT Jobs,500,True,False
adzuna_5864423408,Data Analyst - Fenergo,eClerx,"Mumbai, Maharashtra",,"Remediation Analysts: Required / Must-have: Ability to identify data quality issues, investigate root causes, and apply fixes in line with business rules Experience in data mapping and in executing data remediation and cleansing activities as part of a platform migration SQL (and Python if possible) skills for querying, analysing, and remediating data at scale Good working understanding of Fenergo (FenE) tool Ability to clearly document remediation outcomes for system implementation Good writte…",,2026-09-01 16:20:10+00:00,Adzuna,https://www.adzuna.in/land/ad/5864423408?se=PLh2UEur8RGyxtY0rUukWA&utm_medium=api&utm_source=8944a0ae&v=8BD3BA04F30F38710251308002EAFB129D4437AD,2026-09-08 06:05:39.142158+00:00,,,,IT Jobs,500,True,False
adzuna_5864423371,Data Engineer - Databricks,Tata Consultancy Services,"Hyderabad, Telangana",,"Greetings from TCS TCS is hiring Data Engineer (Databricks with Azure) Location – Any Years of Experience – 4-15 years Job Description Role - Senior Data Engineer – Databricks Required Technical Skill Set Databricks, PySpark, Delta Lake, MLflow, Azure, Data Lakehouse architecture, CI/CD, DataOps Job description- • Data Pipeline Development: Design, build, and optimize scalable data pipelines using Azure Data Factory, Azure Databricks, and other Azure services for data ingestion and processing. …",,2026-09-01 16:20:10+00:00,Adzuna,https://www.adzuna.in/land/ad/5864423371?se=jOfPVEur8RGsJNkd9qy0NQ&utm_medium=api&utm_source=8944a0ae&v=F52EBB2DE91E88646EEC86EEFBDF354740E58D7F,2026-09-08 06:05:46.299530+00:00,,,,IT Jobs,500,True,False
adzuna_5864422819,Electronic Data Interchange Analyst,ValueLabs,"Hyderabad, Telangana",,"Job Description We are seeking a highly organized and customer-focused EDI Project Coordinator to support the successful execution and day-to-day management of electronic data interchange (EDI) operations. This role acts as the primary coordination point between the internal EDI team, clients, carriers, and business stakeholders to ensure EDI files are transmitted, tracked, monitored, and resolved in a timely and accurate manner. The EDI Project Coordinator will oversee transaction monitoring, …",,2026-09-01 16:20:00+00:00,Adzuna,https://www.adzuna.in/land/ad/5864422819?se=sk5JU0ur8RGH8OtBJeYZ3A&utm_medium=api&utm_source=8944a0ae&v=96E3DC45723283409FF5B87E7DC7D4C6B174F696,2026-09-08 06:05:44.095805+00:00,,,,IT Jobs,500,True,False
adzuna_5864421910,Data Extraction Analyst,Computacenter,"Noida, Ghaziabad",,"About the Company • Computacenter is a leading independent technology and services provider, trusted by many of the world’s largest public and private sector organisations. • We help customers source, transform, and manage their technology infrastructure to enable digital transformation at scale. B. About Us · ~$12 billion in annual revenue · Publicly listed on the London Stock Exchange (LSE) · Founded in 1981, with over 44 years of IT industry leadership · 21,000 employees across 70 offices wo…",,2026-09-01 16:19:48+00:00,Adzuna,https://www.adzuna.in/land/ad/5864421910?se=gBbnUUur8RGl-_JRamYmYw&utm_medium=api&utm_source=8944a0ae&v=D60F2BF2F0732409BC9EFB61C5FA460453354169,2026-09-08 06:05:41.415343+00:00,,,full_time,IT Jobs,500,True,False
adzuna_5864353425,Data Analyst,Shalom World,India,,"We are seeking a detail-oriented, proactive professional to manage data quality and governance and support campaign execution through the effective use of related platforms. This role is critical in generating actionable insights, enabling data-driven decision-making, and delivering personalized campaign journeys by bridging Campaign, IT, and Leadership teams. Key Responsibilities Data & Campaign Operations Data Collection & Entry Import user data collected onsite into internal systems Ensure t…",,2026-09-01 16:07:46+00:00,Adzuna,https://www.adzuna.in/details/5864353425?utm_medium=api&utm_source=8944a0ae,2026-09-08 06:06:14.440920+00:00,,,full_time,IT Jobs,500,True,False
adzuna_5863654715,Intern - Data Analyst,CanKids KidsCan,"Gulmohar Park, South Delhi",,"Intern Data Analyst (6-Month Term) Summary We are seeking a detail-oriented Intern Data Analyst to join our team for a six-month engagement focused on optimizing our fundraising and donor management operations. This role is pivotal in transforming raw data into actionable intelligence, ensuring the integrity of our donor databases, and providing strategic insights that drive campaign success. The ideal candidate will support the organization by maintaining robust reporting systems, conducting c…",,2026-09-01 07:10:54+00:00,Adzuna,https://www.adzuna.in/details/5863654715?utm_medium=api&utm_source=8944a0ae,2026-09-08 06:06:19.741938+00:00,20000.0,20000.0,contract,Admin Jobs,500,True,True
adzuna_5862988912,Principal Data Analyst,Ethos Life,"Bangalore, Karnataka",,"About Ethos Ethos is a leading life insurance technology company on a mission to protect families by democratizing access to life insurance and empowering agents at scale. With its robust three-sided technology platform, Ethos is transforming the life insurance experience for consumers, agents, and carriers alike. Ethos offers instant, accessible products and a seamless online process that requires no medical exams and just a few health questions; it eliminates traditional barriers, making it e…",,2026-08-31 20:57:07+00:00,Adzuna,https://www.adzuna.in/details/5862988912?utm_medium=api&utm_source=8944a0ae,2026-09-08 06:06:36.975232+00:00,,,,IT Jobs,500,True,False
adzuna_5862281099,Associate Data Analyst,Ecolab,India,,"Job Characteristics: This is an entry level professional position - employee demonstrates the ability to examine data systems and determine relationships and meaning of data, as it relates to business and system technical processes, and document accordingly. The employee should be working towards mastering knowledge and skills in one or more of the following data analysis areas: SQL language usage, data governance and security practices, ELT/ETL strategy, quality-of-data evaluation and assessme…",,2026-08-30 20:54:25+00:00,Adzuna,https://www.adzuna.in/details/5862281099?utm_medium=api&utm_source=8944a0ae,2026-09-08 06:06:22.773975+00:00,,,full_time,IT Jobs,500,True,False
adzuna_5861965986,Data Analyst,Veralto,"Bangalore, Karnataka",,"Location: India Function: Product Management Reports To: Sr Director, Cloud Platform Are you Interested in using data to help shape product and business decisions? Passionate about turning complex data into clear insights and intuitive Power BI dashboards? Curious about how customers use products and excited to uncover trends, patterns, and opportunities in the data? If so, we'd love to meet you. Why Esko? Esko, part of Veralto (NYSE: VLTO), is the global leader in packaging and product life…",,2026-08-30 11:28:16+00:00,Adzuna,https://www.adzuna.in/details/5861965986?utm_medium=api&utm_source=8944a0ae,2026-09-08 06:06:06.227752+00:00,,,,IT Jobs,497,True,False
adzuna_5861793858,Data Analyst,Aon,"Bangalore, Karnataka",,"Job Title - Data Analyst Position type - Full Time Work Location - Bangalore, Noida, Gurgaon Working style - Hybrid Cab Facility - Yes Shift Time - 10am-7pm IST People Manager role No Required education and certifications critical for the role Bachelors or Masters degree in Computer Science, Engineering, or a related field Required years of experience 7-10 years experience in relevant field AON IS IN THE BUSINESS OF BETTER DECISIONS At Aon, we shape decisions for the better to protect and enric…",,2026-08-30 07:40:00+00:00,Adzuna,https://www.adzuna.in/details/5861793858?utm_medium=api&utm_source=8944a0ae,2026-09-08 06:05:57.745139+00:00,,,,IT Jobs,500,True,False
adzuna_5861792459,Executive Data Analyst,Ascendion Digital Solutions Private Limited,"Bangalore, Karnataka",,I 9 Executions of all Collabera consultants Verifying I9 supporting documents prior to executing it E-Verify: Audit I9s and file I9/everify to be compliant with DHS/USCIS Assisting immigration team Verify I-9 form and support docs for all Collabera hires very precisely Learn new I-9 processes and e-verify processes through USCIS webinars and educate internal teams with new updates. Communicate I-9 and e-verify issues with manager and resolve them using USCIS resources and I-9 central help. Reso…,,2026-08-30 07:38:33+00:00,Adzuna,https://www.adzuna.in/details/5861792459?utm_medium=api&utm_source=8944a0ae,2026-09-08 06:06:22.773775+00:00,,,,IT Jobs,500,True,False
adzuna_5861239081,Data Analyst L1,Cohere Health,"Hyderabad, Telangana",,"Opportunity Overview: We are seeking a highly analytical, detail-oriented, and results-driven Data Analyst to join our dynamic Payment Integrity team. This role is critical in transforming complex healthcare claims, provider, operational, and financial data into actionable insights that improve business performance, optimize audit outcomes, and drive operational excellence. The ideal candidate will be highly skilled at uncovering patterns in data, connecting the dots across multiple data source…",,2026-08-29 21:02:10+00:00,Adzuna,https://www.adzuna.in/details/5861239081?utm_medium=api&utm_source=8944a0ae,2026-09-08 06:06:36.975879+00:00,,,,Accounting & Finance Jobs,500,True,False
adzuna_5861238945,Data Analyst,ICG Medical,"Noida, Ghaziabad",,"Job Title: Data Analyst 1 Department: ICG Location: Noida Position Type: Full-Time Job Summary: We’re looking for a detail-oriented Data Analyst to turn data into clear, actionable insights for strategic and operational decision-making. The ideal candidate is skilled in Power BI and SQL (minimum 1 year of hands-on experience ), with a strong analytical mindset. Python is a plus, not a must. Key Responsibilities: Design, develop, and maintain interactive dashboards and reports using Power BI to …",,2026-08-29 21:02:04+00:00,Adzuna,https://www.adzuna.in/details/5861238945?utm_medium=api&utm_source=8944a0ae,2026-09-08 06:05:55.548054+00:00,,,full_time,IT Jobs,500,True,False
adzuna_5861221729,Senior Data Analyst,ShyftLabs,"Noida, Ghaziabad",,"Position Overview: We are seeking a Senior Data Analyst to support our Data team projects, with a primary focus on business intelligence development, analytical asset creation, and data-driven insights. The role will contribute directly to the delivery of the first phase of the project and will be responsible for developing scalable, high-quality analytical solutions. The ideal candidate is highly experienced with Power BI and Looker, has strong Python and SQL skills, and brings strong analytic…",,2026-08-29 20:48:34+00:00,Adzuna,https://www.adzuna.in/details/5861221729?utm_medium=api&utm_source=8944a0ae,2026-09-08 06:06:25.651212+00:00,,,full_time,IT Jobs,500,True,False
adzuna_5861219353,Data Analyst,Esko,India,,"Location: India Function: Product Management Reports To: Sr Director, Cloud Platform Are you Interested in using data to help shape product and business decisions? Passionate about turning complex data into clear insights and intuitive Power BI dashboards? Curious about how customers use products and excited to uncover trends, patterns, and opportunities in the data? If so, we'd love to meet you. Why Esko? Esko, part of Veralto (NYSE: VLTO), is the global leader in packaging and product lifecyc…",,2026-08-29 20:45:56+00:00,Adzuna,https://www.adzuna.in/details/5861219353?utm_medium=api&utm_source=8944a0ae,2026-09-08 06:06:06.227675+00:00,,,full_time,IT Jobs,500,True,False
adzuna_5860541729,Data Analyst,Pinkerton,"Gurgaon, Haryana",,"Responsibilities Represent Pinkerton's core values of integrity, vigilance, and excellence. Support information management initiatives for the client's Global Security Team. Assess and manipulate large data sets with SQL, Tableau, Python, Excel, and other business intelligence tools. Perform ad-hoc reports and analysis, as directed. Run and modify SQL queries to generate list reports from data sources. Generate data, identify problems within datasets, and resolve data discrepancies. Create dash…",,2026-08-29 07:41:27+00:00,Adzuna,https://www.adzuna.in/details/5860541729?utm_medium=api&utm_source=8944a0ae,2026-09-08 06:06:14.440605+00:00,,,,IT Jobs,500,True,False
adzuna_5859582963,Senior Data Analyst,Keka HR,"Hyderabad, Telangana",,"About Keka Keka is India’s 1 HR-Tech platform for SMBs, mid-market, and enterprise customers, now expanding aggressively across GCC and the US. Our unified SaaS platform powers everything from Core HR to Payroll, Talent, and Employee Experience for 10,000 customers. As we expand globally, Finance & Planning is becoming one of our most strategic pillars—enabling accurate payroll, compensation planning, budgeting, and workforce forecasting at scale. Location: Hyderabad (on-site) About Role We are…",,2026-08-28 16:06:02+00:00,Adzuna,https://www.adzuna.in/details/5859582963?utm_medium=api&utm_source=8944a0ae,2026-09-08 06:06:28.235693+00:00,,,full_time,IT Jobs,500,True,False
adzuna_5859569764,Tech Lead – Data & Analytics,Bandhan Technologies,"Bangalore, Karnataka",,"Role : Tech Lead / Senior Developer – Data & Analytics Experience: 6-9 Years Location: Bangalore Mode of work: Hybrid Roles & Responsibilities Act as Team Lead / Junior Architect , guiding a team of developers through design decisions, code reviews, and best practices Own end-to-end delivery of data engineering and analytics solutions for clients, from design through implementation and deployment Translate business requirements into scalable, well-architected technical solutions Support pre-sal…",,2026-08-28 16:02:47+00:00,Adzuna,https://www.adzuna.in/land/ad/5859569764?se=CnkoVkur8RGeZZqPEbx3QQ&utm_medium=api&utm_source=8944a0ae&v=CE22DDE7D651AEA047DF346FEB49FA6CFF77B3C3,2026-09-08 06:05:48.898906+00:00,,,,IT Jobs,500,True,False
adzuna_5859124126,Data Analyst,Claight Corporation Expert Market Research,"Noida, Ghaziabad",,"Job Summary/Overview: Claight Corporation (Expert Market Research) is seeking a Data Analyst to join our dynamic team and contribute to data-driven decision-making. The ideal candidate will be responsible for managing, analyzing, and maintaining large data sets while ensuring data integrity, consistency, and security. This position offers an excellent opportunity to develop analytical and technical skills in a fast-paced, research-focused environment. Key Responsibilities: Data Management: Mana…",,2026-08-28 07:38:06+00:00,Adzuna,https://www.adzuna.in/details/5859124126?utm_medium=api&utm_source=8944a0ae,2026-09-08 06:06:00.620400+00:00,,,,IT Jobs,500,True,False
adzuna_5859122691,Lead Data Analyst,Robosoft Technologies,"Bangalore, Karnataka",,"We are looking for a meticulous and analytical Data Analyst with strong SQL skills and cloud experience to join our team. The ideal candidate will have a solid background in data analysis, statistical techniques, with specific expertise in using SQL to manage and analyze large datasets in cloud environments. You will be responsible for interpreting data, analyzing results, and providing actionable insights to drive business decisions. Responsibilities: Gather data from various sources, ensuring…",,2026-08-28 07:37:34+00:00,Adzuna,https://www.adzuna.in/details/5859122691?utm_medium=api&utm_source=8944a0ae,2026-09-08 06:06:30.924199+00:00,,,,IT Jobs,500,True,False
adzuna_5859122688,Data Analyst,Robosoft Technologies,"Bangalore, Karnataka",,"We are looking for a meticulous and analytical Data Analyst with strong SQL skills and cloud experience to join our team. The ideal candidate will have a solid background in data analysis, statistical techniques, with specific expertise in using SQL to manage and analyze large datasets in cloud environments. You will be responsible for interpreting data, analyzing results, and providing actionable insights to drive business decisions. Responsibilities: Gather data from various sources, ensuring…",,2026-08-28 07:37:34+00:00,Adzuna,https://www.adzuna.in/details/5859122688?utm_medium=api&utm_source=8944a0ae,2026-09-08 06:06:06.227071+00:00,,,,IT Jobs,500,True,False
adzuna_5859122632,Lead Data Analyst,Robosoft Technologies,"Navi Mumbai, Maharashtra",,"We are looking for a meticulous and analytical Data Analyst with strong SQL skills and cloud experience to join our team. The ideal candidate will have a solid background in data analysis, statistical techniques, with specific expertise in using SQL to manage and analyze large datasets in cloud environments. You will be responsible for interpreting data, analyzing results, and providing actionable insights to drive business decisions. Responsibilities: Gather data from various sources, ensuring…",,2026-08-28 07:37:33+00:00,Adzuna,https://www.adzuna.in/details/5859122632?utm_medium=api&utm_source=8944a0ae,2026-09-08 06:06:30.924360+00:00,,,,IT Jobs,500,True,False
adzuna_5859122647,Data Analyst,Robosoft Technologies,"Navi Mumbai, Maharashtra",,"We are looking for a meticulous and analytical Data Analyst with strong SQL skills and cloud experience to join our team. The ideal candidate will have a solid background in data analysis, statistical techniques, with specific expertise in using SQL to manage and analyze large datasets in cloud environments. You will be responsible for interpreting data, analyzing results, and providing actionable insights to drive business decisions. Responsibilities: Gather data from various sources, ensuring…",,2026-08-28 07:37:33+00:00,Adzuna,https://www.adzuna.in/details/5859122647?utm_medium=api&utm_source=8944a0ae,2026-09-08 06:06:06.227174+00:00,,,,IT Jobs,500,True,False
adzuna_5859122633,Senior Data Analyst,Robosoft Technologies,"Bangalore, Karnataka",,We are looking for a skilled and proactive Senior Data Analyst to take ownership of multiple designated client accounts. The role involves applying analytics and visualization techniques to drive better business decision-making while independently managing client interactions and expectations. Responsibilities: Understand client brief and translate into tasks and analysis steps. Deliver insights and results back to the client independently. Design solutions to integrate with various downstream …,,2026-08-28 07:37:33+00:00,Adzuna,https://www.adzuna.in/details/5859122633?utm_medium=api&utm_source=8944a0ae,2026-09-08 06:06:25.651392+00:00,,,,IT Jobs,500,True,False
adzuna_5859122619,Senior Data Analyst,Robosoft Technologies,"Bangalore, Karnataka",,"Front face customer to understand data requirements and analyse data Build solutions and systems to manage data and analytics workload Improve reliability, quality, and time-to-market of our suite of software solutions. Responsibilities: Using SQL/Python to extract data from primary and secondary sources Performing analysis to assess quality and meaning of data Working with programmers, engineers, and management heads to identify process improvement. Opportunities, propose system modifications,…",,2026-08-28 07:37:33+00:00,Adzuna,https://www.adzuna.in/details/5859122619?utm_medium=api&utm_source=8944a0ae,2026-09-08 06:06:25.652084+00:00,,,,IT Jobs,500,True,False
adzuna_5859122596,Senior Data Analyst,Robosoft Technologies,"Navi Mumbai, Maharashtra",,We are looking for a skilled and proactive Senior Data Analyst to take ownership of multiple designated client accounts. The role involves applying analytics and visualization techniques to drive better business decision-making while independently managing client interactions and expectations. Responsibilities: Understand client brief and translate into tasks and analysis steps. Deliver insights and results back to the client independently. Design solutions to integrate with various downstream …,,2026-08-28 07:37:32+00:00,Adzuna,https://www.adzuna.in/details/5859122596?utm_medium=api&utm_source=8944a0ae,2026-09-08 06:06:25.651347+00:00,,,,IT Jobs,500,True,False
adzuna_5859122606,Senior Data Analyst,Robosoft Technologies,"Navi Mumbai, Maharashtra",,"Front face customer to understand data requirements and analyse data Build solutions and systems to manage data and analytics workload Improve reliability, quality, and time-to-market of our suite of software solutions. Responsibilities: Using SQL/Python to extract data from primary and secondary sources Performing analysis to assess quality and meaning of data Working with programmers, engineers, and management heads to identify process improvement. Opportunities, propose system modifications,…",,2026-08-28 07:37:32+00:00,Adzuna,https://www.adzuna.in/details/5859122606?utm_medium=api&utm_source=8944a0ae,2026-09-08 06:06:28.235262+00:00,,,,IT Jobs,500,True,False
adzuna_5859121228,Data Analyst I,Tekion,"Bangalore, Karnataka",,"We are seeking a skilled Data Business Intelligence Analyst to join one of the most fast-paced and exciting teams at Tekion. We are redefining and redesigning the automotive datascape with state-of-the-art data models and business intelligence tools. In this role, you will play a crucial part in modeling data, designing, developing, and maintaining BI solutions tailored for the automotive sector. You will collaborate closely with stakeholders to understand their business needs and translate the…",,2026-08-28 07:37:17+00:00,Adzuna,https://www.adzuna.in/details/5859121228?utm_medium=api&utm_source=8944a0ae,2026-09-08 06:06:36.975749+00:00,,,,IT Jobs,500,True,False
adzuna_5859120231,Senior Data Analyst,GSPANN,"Hyderabad, Telangana",,"Job description About the Company : Headquartered in California, U.S.A., GSPANN provides consulting and IT services to global clients. We help clients transform how they deliver business value by helping them optimize their IT capabilities, practices, and operations with our experience in retail, high-technology, and manufacturing. With five global delivery centers and 1900 employees, we provide the intimacy of a boutique consultancy with the capabilities of a large IT services firm. Role: Seni…",,2026-08-28 07:36:57+00:00,Adzuna,https://www.adzuna.in/details/5859120231?utm_medium=api&utm_source=8944a0ae,2026-09-08 06:06:28.235198+00:00,,,,IT Jobs,500,True,False
adzuna_5859120210,Senior Data Analyst,GSPANN,"Pune, Maharashtra",,"Job description About the Company : Headquartered in California, U.S.A., GSPANN provides consulting and IT services to global clients. We help clients transform how they deliver business value by helping them optimize their IT capabilities, practices, and operations with our experience in retail, high-technology, and manufacturing. With five global delivery centers and 1900 employees, we provide the intimacy of a boutique consultancy with the capabilities of a large IT services firm. Role: Seni…",,2026-08-28 07:36:56+00:00,Adzuna,https://www.adzuna.in/details/5859120210?utm_medium=api&utm_source=8944a0ae,2026-09-08 06:06:28.235072+00:00,,,,IT Jobs,500,True,False
adzuna_5859120187,Senior Data Analyst,GSPANN,"Delhi, India",,"Job description About the Company : Headquartered in California, U.S.A., GSPANN provides consulting and IT services to global clients. We help clients transform how they deliver business value by helping them optimize their IT capabilities, practices, and operations with our experience in retail, high-technology, and manufacturing. With five global delivery centers and 1900 employees, we provide the intimacy of a boutique consultancy with the capabilities of a large IT services firm. Role: Seni…",,2026-08-28 07:36:56+00:00,Adzuna,https://www.adzuna.in/details/5859120187?utm_medium=api&utm_source=8944a0ae,2026-09-08 06:06:28.235318+00:00,,,,IT Jobs,500,True,False
adzuna_5859117504,Lead Data Analyst,Technip Energies India Limited,"Noida, Ghaziabad",,"We are currently seeking a Lead Data Analyst , reporting directly to BI & Data Analytics Manager to join the team based in Noida. The Lead Data Analyst will work closely with the business and has a dynamic role that bridges technical data analysis with strategic business insights. The Lead Data Analyst should possess quick and strong comprehension skills, enabling them to rapidly learn how to consume and present data using Power BI. The Lead Data Analyst should have a great capacity for adaptat…",,2026-08-28 07:35:44+00:00,Adzuna,https://www.adzuna.in/details/5859117504?utm_medium=api&utm_source=8944a0ae,2026-09-08 06:06:19.742273+00:00,,,,IT Jobs,500,True,False
adzuna_5859054156,Data Analyst / Data Engineer,Pavago,India,,"Data Analyst / Data Engineer – SQL, BI & Data Analytics | Remote Position Type: Full-Time, Remote Working Hours: U.S. Business Hours About the Role At Pavago, one of our clients is hiring a Data Analyst / Data Engineer to transform business data into reliable reporting, actionable insights, and scalable data systems. Depending on your experience, this role may lean toward data analytics, business intelligence, data engineering, or a combination of these areas . You’ll work with SQL, dashboards,…",,2026-08-28 06:29:01+00:00,Adzuna,https://www.adzuna.in/details/5859054156?utm_medium=api&utm_source=8944a0ae,2026-09-08 06:06:17.010989+00:00,,,full_time,IT Jobs,500,True,False
adzuna_5858724416,Data Analyst,Garden City Games India Pvt Ltd,"Richmond Town, Bangalore",,"Responsibilities: A Games Data Analyst will work closely with development studios, game development teams, product managers and internal teams to validate learnings and optimize our games to improve upon a range of KPIs and metrics. You will take responsibility for analytics solutions including designing data pipelines, building dashboards and visualizations, and ad hoc analyses for mobile F2P titles across the Phoenix group of studios. Minimum of 3 years experience in a similar role and/or mus…",,2026-08-28 03:23:17+00:00,Adzuna,https://www.adzuna.in/details/5858724416?utm_medium=api&utm_source=8944a0ae,2026-09-08 06:05:51.064949+00:00,,,permanent,IT Jobs,500,True,False
adzuna_5858205145,Data Analyst,Cloudester Software LLP,"Sevasi, Vadodara",,"We are looking for a Data Analyst with 5-6 years of experience for a 3-month contract position in Vadodara . The ideal candidate should have a strong Data Analyst background with the ability to work with Excel, SQL, web-scraped data, and databases , while also being comfortable supporting basic cloud database, software, and data-related troubleshooting activities . Since the application relies heavily on accurate data, the candidate should be able to identify data-related issues and assist user…",,2026-08-27 17:11:56+00:00,Adzuna,https://www.adzuna.in/details/5858205145?utm_medium=api&utm_source=8944a0ae,2026-09-08 06:05:51.064892+00:00,,,contract,IT Jobs,500,True,False
adzuna_5858131073,Data Analyst,Vikash Technologies,"Delhi, India",,"Hiring for Data Analyst Exp : 5 - 7 yrs Edu : BE/B.Tech Work Location : Noida WFO Skills : Expertise in SQL Server, including database design, performance tuning, query optimization, and security. Hands-on experience developing ETL solutions using SSIS, Azure Data Factory (ADF), and Python. Skills:- ADF, Python, SQL, SSIS and ETL",,2026-08-27 16:06:25+00:00,Adzuna,https://www.adzuna.in/details/5858131073?utm_medium=api&utm_source=8944a0ae,2026-09-08 06:05:55.548183+00:00,1400000.0,2000000.0,full_time,IT Jobs,331,True,True
adzuna_5857750991,Mirai- Data Analyst,Hindustan Unilever Hul,"Bangalore, Karnataka",,"ABOUT UNILEVER: Every individual here can bring their purpose to life through their work. Join us and you ll be surrounded by inspiring leaders and supportive peers. Among them, you ll channel your purpose, bring fresh ideas to the table, and simply be you. As you work to make a real impact on the business and the world, we ll work to help you become a better you. Role Overview: We are undertaking enterprise transformation program focused on simplifying and modernizing its core systems and data…",,2026-08-27 07:41:45+00:00,Adzuna,https://www.adzuna.in/details/5857750991?utm_medium=api&utm_source=8944a0ae,2026-09-08 06:06:22.773926+00:00,,,,IT Jobs,500,True,False
adzuna_5857746715,Data Analyst,Square Yards,"Gurgaon, Haryana",,"Candidate with 2 Years of experience in Google Analytics and BI Should have working experience into Tableau and Power BI Job Description : Work requires ability to deliver complex reports via Google Analytics, previous experience with Google Analytics Experience with creating automated reports via Tableau and Power BI Practical experience with at least two business insights platforms such as: Domo, Tableau, QlikView, Data Studio, Sisense, PowerBI Experience with Google tag management solutions …",,2026-08-27 07:40:46+00:00,Adzuna,https://www.adzuna.in/details/5857746715?utm_medium=api&utm_source=8944a0ae,2026-09-08 06:05:57.745061+00:00,,,,IT Jobs,500,True,False
adzuna_5857745620,Senior Data Analyst,Thryve Digital,"Chennai, Tamil Nadu",,"Senior Data Analyst Location: Chennai Shift: 3PM-12AM (Both ways cab) Mode of Work: Hybrid Job Summary: This role provides an opportunity to work in a dynamic environment, delivering quality solutions to global customers. The candidate should have strong data analytics expertise, including Power BI, ServiceNow, Python, SQL, and PostgreSQL. Responsibilities include developing and managing BI solutions, creating reports and dashboards, and ensuring effective communication of data-driven strategie…",,2026-08-27 07:40:32+00:00,Adzuna,https://www.adzuna.in/details/5857745620?utm_medium=api&utm_source=8944a0ae,2026-09-08 06:06:28.236067+00:00,,,,IT Jobs,500,True,False
adzuna_5857251178,Liquidity reporting Compliance,Capco,India,,"This job is with Capco, an inclusive employer and a member of myGwork – the largest global platform for the LGBTQ business community. Please do not contact the recruiter directly. This role sits as part of a first line compliance function to ensure that functionality, processes and reporting outputs built for Reporting Ops meet the regulatory criteria as documented by the relevant regulatory instructions, regulations and policies. This role will involve close liaison with both Finance Change co…",,2026-08-27 02:10:36+00:00,Adzuna,https://www.adzuna.in/land/ad/5857251178?se=mJoXZ0ur8RGH8OtBJeYZ3A&utm_medium=api&utm_source=8944a0ae&v=0C127A1203A07750F0305349CD2374195CA58849,2026-09-08 06:06:17.011086+00:00,,,full_time,IT Jobs,500,True,False
adzuna_5857251181,Data Analyst - Data Remediation - Mumbai,Capco,"Mumbai, Maharashtra",,"This job is with Capco, an inclusive employer and a member of myGwork – the largest global platform for the LGBTQ business community. Please do not contact the recruiter directly. About Us “Capco, a Wipro company, is a global technology and management consulting firm. Awarded with Consultancy of the year in the British Bank Award and has been ranked Top 100 Best Companies for Women in India 2022 by Avtar & Seramount . With our presence across 32 cities across globe, we support 100 clients acros…",,2026-08-27 02:10:36+00:00,Adzuna,https://www.adzuna.in/land/ad/5857251181?se=PLh2UEur8RGyxtY0rUukWA&utm_medium=api&utm_source=8944a0ae&v=E627D12D3B0555AB7B69176F505B871F5F83ABC5,2026-09-08 06:05:39.142198+00:00,,,full_time,IT Jobs,500,True,False
adzuna_5857251168,Competitive Data Eng & Analyst,eBay,"Bangalore, Karnataka",,"This job is with eBay, an inclusive employer and a member of myGwork – the largest global platform for the LGBTQ business community. Please do not contact the recruiter directly. At eBay, we're more than a global ecommerce leader - we're changing the way the world shops and sells. Our platform empowers millions of buyers and sellers in more than 190 markets around the world. We're committed to pushing boundaries and leaving our mark as we reinvent the future of ecommerce for enthusiasts. Our cu…",,2026-08-27 02:10:33+00:00,Adzuna,https://www.adzuna.in/land/ad/5857251168?se=sk5JU0ur8RGH8OtBJeYZ3A&utm_medium=api&utm_source=8944a0ae&v=EC8A5FFC2C126851558CFAA0685976C27C1836ED,2026-09-08 06:05:44.095776+00:00,,,full_time,IT Jobs,500,True,False
adzuna_5857251154,Liquidity Reporting- data analyst,Capco,India,,"This job is with Capco, an inclusive employer and a member of myGwork – the largest global platform for the LGBTQ business community. Please do not contact the recruiter directly. Job title: Liquidity reporting Compliance Finance has mobilised a multi-year Integrity of Regulatory Reporting (IRR) programme to ensure that Regulatory Reporting across the Group is fit for purpose; accurate, timely and complete. The IRR programme is responsible for overseeing the design and implementation of a set o…",,2026-08-27 02:10:30+00:00,Adzuna,https://www.adzuna.in/land/ad/5857251154?se=PLh2UEur8RGyxtY0rUukWA&utm_medium=api&utm_source=8944a0ae&v=E11D60935C9511D08C74F601EB2D3CA382573ADF,2026-09-08 06:05:39.142256+00:00,,,full_time,Accounting & Finance Jobs,500,True,False
adzuna_5857001031,AI Data Analyst,Glean,"Bangalore, Karnataka",,"About Glean: Glean is the Work AI platform that helps everyone work smarter with AI. What began as the industry’s most advanced enterprise search has evolved into a full-scale Work AI ecosystem, powering intelligent Search, an AI Assistant, and scalable AI agents on one secure, open platform. With over 100 enterprise SaaS connectors, flexible LLM choice, and robust APIs, Glean gives organizations the infrastructure to govern, scale, and customize AI across their entire business - without vendor…",,2026-08-26 21:07:37+00:00,Adzuna,https://www.adzuna.in/details/5857001031?utm_medium=api&utm_source=8944a0ae,2026-09-08 06:06:36.975853+00:00,,,,IT Jobs,500,True,False
adzuna_5856975398,Data Analyst III,F5 Networks,India,,"At F5, we strive to bring a better digital world to life. Our teams empower organizations across the globe to create, secure, and run applications that enhance how we experience our evolving digital world. We are passionate about cybersecurity, from protecting consumers from fraud to enabling companies to focus on innovation. Everything we do centers around people. That means we obsess over how to make the lives of our customers, and their customers, better. And it means we prioritize a diverse…",,2026-08-26 20:58:59+00:00,Adzuna,https://www.adzuna.in/details/5856975398?utm_medium=api&utm_source=8944a0ae,2026-09-08 06:06:25.651565+00:00,,,full_time,IT Jobs,500,True,False
adzuna_5856941120,Senior Data Analyst,F5 Networks,India,,"At F5, we strive to bring a better digital world to life. Our teams empower organizations across the globe to create, secure, and run applications that enhance how we experience our evolving digital world. We are passionate about cybersecurity, from protecting consumers from fraud to enabling companies to focus on innovation. Everything we do centers around people. That means we obsess over how to make the lives of our customers, and their customers, better. And it means we prioritize a diverse…",,2026-08-26 20:42:47+00:00,Adzuna,https://www.adzuna.in/details/5856941120?utm_medium=api&utm_source=8944a0ae,2026-09-08 06:06:25.651651+00:00,,,full_time,IT Jobs,500,True,False
adzuna_5856111071,Maritime Data Analyst,Lloyd's List Intelligence,"Chennai, Tamil Nadu",,"Role Profile Lloyds List Intelligence are the trusted experts delivering transparent and actionable maritime data empowering 60,000 professionals around the globe to make confident decisions that drive the safe, efficient, and lawful movement of trade by sea. Our advanced analytics, artificial intelligence, and industry expertise transform our unparalleled data into unique insight delivered through data and analytics services, news and commentary, and publications. We have teams working across …",,2026-08-26 05:57:48+00:00,Adzuna,https://www.adzuna.in/details/5856111071?utm_medium=api&utm_source=8944a0ae,2026-09-08 06:06:34.345883+00:00,,,permanent,IT Jobs,500,True,False
adzuna_5855248951,Data Analyst SME,Jade Global,India,,"Data Analyst SME1 Functional Consultant with hands on experience on Core HR Configurations,- Good to have Reporting ( OTBI , BIP) ,- Worked on Enterprise Structure changes, person record, Assisgnment Changes and more related with Core HR Area",,2026-08-25 16:04:50+00:00,Adzuna,https://www.adzuna.in/details/5855248951?utm_medium=api&utm_source=8944a0ae,2026-09-08 06:06:22.772986+00:00,,,full_time,IT Jobs,242,True,False
adzuna_5855007053,Data Analyst / Engineer,Kyndryl,"Bangalore, Karnataka",,"This job is with Kyndryl, an inclusive employer and a member of myGwork – the largest global platform for the LGBTQ business community. Please do not contact the recruiter directly. Who We Are At Kyndryl, we run and reimagine the mission-critical technology systems that drive advantage for the world's leading businesses. We are at the heart of progress; with proven expertise and a continuous flow of AI-powered insight, enabling smarter decisions, faster innovation, and a lasting competitive edg…",,2026-08-25 10:08:09+00:00,Adzuna,https://www.adzuna.in/land/ad/5855007053?se=lB33Tkur8RGsJNkd9qy0NQ&utm_medium=api&utm_source=8944a0ae&v=987DAA3F2A13BDCC295A40B49D687ABE3F6B00F5,2026-09-08 06:05:36.694093+00:00,,,full_time,Accounting & Finance Jobs,500,True,False
adzuna_5854880422,Data Analyst,Apex 2000,"Bangalore, Karnataka",,"We are seeking a meticulous and analytical Data Analyst to manage master data, ensure data quality, and support reporting and analysis initiatives. You will be responsible for overseeing the reporting environment, identifying and revising reporting requirements, and providing technical expertise in data management. This role involves working with confidential data, training end-users, and contributing to data integrity efforts. Roles & Responsibilities: Manage master data, including its creatio…",,2026-08-25 07:43:27+00:00,Adzuna,https://www.adzuna.in/details/5854880422?utm_medium=api&utm_source=8944a0ae,2026-09-08 06:05:55.548012+00:00,,,,IT Jobs,500,True,False
adzuna_5854877634,Lead Data Analyst,Purview India Consulting And Services Llp,"Pune, Maharashtra",,"Description We are seeking a highly skilled Lead Data Analyst with extensive experience in the banking domain. The ideal candidate will possess a strong technical background in data analysis, particularly with tools like PySpark, Hadoop, and SQL. You will play a crucial role in leading data projects, managing stakeholder expectations, and driving data-driven decision-making within the organization. If you are a results-oriented professional with a passion for data and team leadership, we invite…",,2026-08-25 07:40:54+00:00,Adzuna,https://www.adzuna.in/details/5854877634?utm_medium=api&utm_source=8944a0ae,2026-09-08 06:06:28.236020+00:00,,,,IT Jobs,500,True,False
adzuna_5854877435,Data Analyst,Purview India Consulting And Services Llp,"Pune, Maharashtra",,"We are actively seeking a Hand on Data Analyst who possesses excellent organizational and planning skills, along with a proven ability to handle multiple tasks in a fast-paced environment. We are looking for someone who is highly motivated and self-driven, capable of working independently with minimal guidance or supervision. The ideal candidate will have a strong analytical mindset, utilizing metrics and data to constantly evaluate success and drive improvements in tools, content, and programs…",,2026-08-25 07:40:46+00:00,Adzuna,https://www.adzuna.in/details/5854877435?utm_medium=api&utm_source=8944a0ae,2026-09-08 06:06:00.620256+00:00,,,,IT Jobs,500,True,False
adzuna_5854537719,"Sr Manager, Senior Data Analyst",Standard Chartered Bank,"Bangalore, Karnataka",,"This job is with Standard Chartered Bank, an inclusive employer and a member of myGwork – the largest global platform for the LGBTQ business community. Please do not contact the recruiter directly. Job Summary The role is responsible for strengthening the data, automation and control framework supporting CIB Credit Risk reporting, with a focus on Financial Sponsors and Private Credit. The role holder will work closely with reporting, data, technology and change teams to improve data sourcing, d…",,2026-08-25 00:07:28+00:00,Adzuna,https://www.adzuna.in/land/ad/5854537719?se=gBbnUUur8RGl-_JRamYmYw&utm_medium=api&utm_source=8944a0ae&v=EBA3E5A1C90D3E6A92603C46CEEC7ABAC2746B3A,2026-09-08 06:05:41.415172+00:00,,,contract,Accounting & Finance Jobs,500,True,False
adzuna_5852565248,Staff Data Analyst,Coupang,"Bangalore, Karnataka",,"Company Introduction We exist to wow our customers. We know we’re doing the right thing when we hear our customers say, “How did we ever live without Coupang?” Born out of an obsession to make shopping, eating, and living easier than ever, we’re collectively disrupting the multi-billion-dollar e-commerce industry from the ground up. We are one of the fastest-growing e-commerce companies that established an unparalleled reputation for being a dominant and reliable force in South Korean commerce.…",,2026-08-22 20:41:03+00:00,Adzuna,https://www.adzuna.in/details/5852565248?utm_medium=api&utm_source=8944a0ae,2026-09-08 06:06:36.975421+00:00,,,full_time,IT Jobs,500,True,False
adzuna_5852342307,Data Analyst,Straatix Partners,"Bangalore, Karnataka",,"CAP-190 : Senior Data Analyst Location : Bangalore / Hyderabad / Chennai / Pune / NCR Experience : 7 - 15 Years Job Code : CAP-190 Work Type : Hybrid - 3 Days in a Week About the Client (CODE: CAP) CAP operates at the forefront of the financial services industry, providing consulting, technology, and digital transformation solutions to leading organizations worldwide. With a focus on innovation, CAP empowers clients to navigate complex regulatory landscapes, optimize operations, and drive b…",,2026-08-22 16:04:47+00:00,Adzuna,https://www.adzuna.in/details/5852342307?utm_medium=api&utm_source=8944a0ae,2026-09-08 06:05:57.745276+00:00,2500000.0,3500000.0,full_time,IT Jobs,496,True,True
adzuna_5852164425,Senior Analyst - Internal Audit,Wise,"Hyderabad, Telangana",,"This job is with Wise, an inclusive employer and a member of myGwork – the largest global platform for the LGBTQ business community. Please do not contact the recruiter directly. Wise is a global technology company, building the best way to move and manage the world’s money. Min fees. Max ease. Full speed. Whether people and businesses are sending money to another country, spending abroad, or making and receiving international payments, Wise is on a mission to make their lives easier and save t…",,2026-08-22 12:06:19+00:00,Adzuna,https://www.adzuna.in/land/ad/5852164425?se=CnkoVkur8RGeZZqPEbx3QQ&utm_medium=api&utm_source=8944a0ae&v=475302999EA43BCC908B3B261E2AD4C6A04D15C7,2026-09-08 06:05:48.899241+00:00,,,full_time,Accounting & Finance Jobs,500,True,False
adzuna_5852143534,Senior Data Analyst,Mastercard,India,,"Our Purpose _Mastercard powers economies and empowers people in 200 countries and territories worldwide. Together with our customers, we're helping build a sustainable economy where everyone can prosper. We support a wide range of digital payments choices, making transactions secure, simple, smart and accessible. Our technology and innovation, partnerships and networks combine to deliver a unique set of products and services that help people, businesses and governments realize their greatest po…",,2026-08-22 11:20:29+00:00,Adzuna,https://www.adzuna.in/details/5852143534?utm_medium=api&utm_source=8944a0ae,2026-09-08 06:06:25.651521+00:00,,,,IT Jobs,500,True,False
adzuna_5851860321,Flight Data Analyst,Ametek Instruments India,"Bangalore, Karnataka",,"Key Responsibilities: Perform detailed readouts and analysis of FDR and CVR data to support aircraft health monitoring and return-to-service processes. Construct and manage dataframes for organizing and analyzing large datasets from flight recorders. Collaborate with cross-functional teams, including engineers and data scientists, to interpret and present findings. Develop and maintain documentation and reports related to FDR/CVR readouts and data analysis. Ensure compliance with industry stand…",,2026-08-22 07:33:28+00:00,Adzuna,https://www.adzuna.in/details/5851860321?utm_medium=api&utm_source=8944a0ae,2026-09-08 06:06:25.651608+00:00,,,,IT Jobs,500,True,False
adzuna_5850636017,Data Analyst I,TIAA,"Pune, Maharashtra",,"Pune, India Full time R251200163 Analyst - Business Intelligence - IN Professionals in this category use a set of methods and tools like Cognos, QlikView etc. to access and explore data to derive insights for decision making. Key Responsibilities and Duties They collaborate with business users and focus on counts, statistics, and visualization to improve performance and find strategic opportunities for the business. Their job involves the enablement of effective data management (collected fro…",,2026-08-21 11:18:28+00:00,Adzuna,https://www.adzuna.in/details/5850636017?utm_medium=api&utm_source=8944a0ae,2026-09-08 06:06:36.975903+00:00,,,,IT Jobs,498,True,False
adzuna_5850376549,Data Analyst,TVS Credit Services,"Lucknow, Uttar Pradesh",,"Description : PL Eligibility Base preparation (SQL) Portfolio Risk segmentation through Decision Trees and other ML (Python) PL Portfolio quality improvement through specific Credit Actions Process Quality (end-to-end customer journey) documentation, deviations tracking, change implementation PL Portfolio review and MIS Functional Competencies : Strong Analytics background (Tableau dashboards, ML modeling) Very Strong with data tools: XL, SQL, python Good understanding of lending, credit risk E…",,2026-08-21 07:38:58+00:00,Adzuna,https://www.adzuna.in/details/5850376549?utm_medium=api&utm_source=8944a0ae,2026-09-08 06:06:14.440215+00:00,,,,IT Jobs,500,True,False
adzuna_5850376089,Data Analyst,Egon Zehnder,"Gurgaon, Haryana",,"The Analyst will be responsible for work on day-to-day Power BI requests. He/She should be able to help the stakeholders on improving the processes via automation of projects. The analysts should be able to deep dive into the data for insights and also be able to formulate Power BI tasks and solutions. Shift Timings: Flexible Principal Responsibilities Request processing - Working on ad-hoc requests, communication with stakeholders. Process management - Quality Control, Maintenance of Power BI …",,2026-08-21 07:38:50+00:00,Adzuna,https://www.adzuna.in/details/5850376089?utm_medium=api&utm_source=8944a0ae,2026-09-08 06:06:03.526294+00:00,,,,IT Jobs,500,True,False
adzuna_5850375378,Data Analyst Lead,TechnoGen,"Hyderabad, Telangana",,"Objectives and Responsibilities Lead discussions with partner teams to elicit, define, and understand objectives, goals, and desired insights Provide subject matter expertise on the data needs for project deliveries, scope, acceptance, installation and deployment. Interpret data, analyze results using statistical techniques and provide ongoing reports Develop and implement databases, data collection systems, data analytics and other strategies that optimize statistical efficiency and quality Ac…",,2026-08-21 07:38:39+00:00,Adzuna,https://www.adzuna.in/details/5850375378?utm_medium=api&utm_source=8944a0ae,2026-09-08 06:06:19.742249+00:00,,,,IT Jobs,500,True,False
adzuna_5850375334,Data Analyst,TechnoGen,"Hyderabad, Telangana",,"Bachelor's degree or equivalent in Information Technology, Computer Science, CIS, Engineering, or Math 5 year's proven working experience as a data analyst or business data analyst 3 years' Experience with BI Solutions (Micro Strategy, Looker, Tableau), databases (SQL), programming (Python, XML, JavaScript, or ETL frameworks) Technical experience regarding data models, database design development, data mining and segmentation techniques Knowledge of statistics and experience analyzing datasets …",,2026-08-21 07:38:38+00:00,Adzuna,https://www.adzuna.in/details/5850375334?utm_medium=api&utm_source=8944a0ae,2026-09-08 06:05:53.307860+00:00,,,,IT Jobs,500,True,False
adzuna_5850243877,Data Analyst,U.S. Bank,"Chennai, Tamil Nadu",,"At U.S. Bancorp India, we’re on a journey to do our best. We believe it takes all of us to bring our shared ambition to life, and each person is unique in their potential. A career with U.S. Bancorp India gives you a wide, ever-growing range of opportunities to discover what makes you thrive at every stage of your career. Try new things, learn new skills and discover what you excel at—all from Day One. Job Description The Data Analyst supports business and enterprise analytics needs by collecti…",,2026-08-21 05:50:29+00:00,Adzuna,https://www.adzuna.in/details/5850243877?utm_medium=api&utm_source=8944a0ae,2026-09-08 06:06:06.227317+00:00,,,permanent,IT Jobs,500,True,False
adzuna_5849923648,Data Analyst,Shuru Technologies Private Limited,"Sanganer, Jaipur",,"This is a remote position. Shuru is a self-managed technology team specializing in accelerating visions through product, technology, and AI leadership. With a focus on bespoke execution, we deliver impactful solutions that are scalable and designed for success. At Shuru, we deliver mobile solutions that meet and exceed customer expectations. Our collaborative and fast-paced environment encourages creativity and innovation. We are looking for a Senior Reporting Analyst with strong hands-on exper…",,2026-08-21 01:15:50+00:00,Adzuna,https://www.adzuna.in/details/5849923648?utm_medium=api&utm_source=8944a0ae,2026-09-08 06:05:51.065052+00:00,,,permanent,IT Jobs,500,True,False
adzuna_5849858928,Data analyst,R-Insights Research Company,"Ajmer, Rajasthan",,Position – Data Analyst R-Insights Research Company is looking for a Data Analyst to develop insightful and comprehensive data analysis and reporting for social and market research projects. Schedule – Full time Main Responsibilities Methodology design for marketing and social research projects Data collection tool design Programing and testing of online questionnaires Database cleaning and data processing Data analytics and preparation of compelling visualizations Conducting statistical power …,,2026-08-20 21:54:03+00:00,Adzuna,https://www.adzuna.in/details/5849858928?utm_medium=api&utm_source=8944a0ae,2026-09-08 06:05:55.547649+00:00,,,permanent,Consultancy Jobs,500,True,False
adzuna_5849703036,Data Analyst,Barclays,India,,"Job Description Purpose of the role To enable data-driven strategic and operational decision making through extracting actionable insights from large datasets, performing statistical and advanced analytics to uncover trends and patterns, and presenting findings through clear visualisations and reports. Accountabilities Investigation and analysis of data issues related to quality, lineage, controls, and authoritative source identification, documenting data sources, methodologies, and quality fin…",,2026-08-20 21:08:19+00:00,Adzuna,https://www.adzuna.in/details/5849703036?utm_medium=api&utm_source=8944a0ae,2026-09-08 06:06:03.526172+00:00,,,full_time,IT Jobs,500,True,False
adzuna_5849685928,Senior Data Analyst,MiQ,"Bangalore, Karnataka",,"Job Description Role: Senior Data Analyst - PDS Location: Bengaluru What you’ll do We’re MiQ, a global programmatic media partner for marketers and agencies. Our people are at the heart of everything we do, so you will be too. No matter the role or the location, we’re all united in the vision to lead the programmatic industry and make it better. As part of the PDS team, you will work as an independent individual contributor who is an analytics expert with technical proficiency. You will be resp…",,2026-08-20 20:54:12+00:00,Adzuna,https://www.adzuna.in/details/5849685928?utm_medium=api&utm_source=8944a0ae,2026-09-08 06:06:28.235788+00:00,,,full_time,IT Jobs,500,True,False
adzuna_5849314553,HR Data Analyst,ADM,"Bangalore, Karnataka",,"Role Overview: The Global HR Data & Analytics team enables insight-led decision making across the enterprise by providing trusted, consistent, and scalable workforce data, reporting, and analytics support. As part of the Global Capability Center, the HR Data Analyst serves as a key member of a centralized analytics delivery model. This role provides scalable reporting, data validation, compliance data preparation, analytics operations, tool access support, and documentation across regions, func…",,2026-08-20 11:09:50+00:00,Adzuna,https://www.adzuna.in/details/5849314553?utm_medium=api&utm_source=8944a0ae,2026-09-08 06:06:36.975617+00:00,,,,IT Jobs,500,True,False
adzuna_5849135077,Data Analyst,Mindteck Limited,"Bangalore, Karnataka",,"Perform advanced analytics like cohort analysis, scenario analysis, time series analysis, and predictive analysis, creating powerful visualizations to communicate the results. Articulate assumptions, analyses and interpretations of data in a variety of modes. Engage with stakeholders to understand business requirements and develop detailed project plans with timelines. Design data models that define how the tables, columns, and data elements from different sources are connected and stored, base…",,2026-08-20 07:31:10+00:00,Adzuna,https://www.adzuna.in/details/5849135077?utm_medium=api&utm_source=8944a0ae,2026-09-08 06:06:14.440119+00:00,,,,IT Jobs,500,True,False
adzuna_5849135074,Data Analyst,Mindteck Limited,"Bangalore, Karnataka",,"Very Good technical knowledge C++, C#, .Net Framework 4.5 or above Expertise in Threading, ADO.Net In-depth knowledge in event handling, exception handling Proficient in WCF, WPF - Concepts, Implementing Services, Consuming Services, Service Throttling, debugging, etc. Good knowledge on XML, JSON Strong familiarity with Windows Operating Systems Strong familiarity with TCP-IP and socket programming Strong familiarity with RS-232, RS422 and RS-485 serial communications Good in OOPS, Design Patte…",,2026-08-20 07:31:10+00:00,Adzuna,https://www.adzuna.in/details/5849135074?utm_medium=api&utm_source=8944a0ae,2026-09-08 06:06:14.440168+00:00,,,,IT Jobs,500,True,False
adzuna_5849116040,Data Analyst,Time Hack Consulting,"Bangalore, Karnataka",,"Role: Data Analyst / Analytics Engineer About the Company A high-growth fintech platform is scaling two core data initiatives: a credit bureau intelligence engine that turns financial signals into automated underwriting logic, and an embedded health membership product distributed across its large lending base. This role sits at the intersection of credit data, user behavior, and multi-channel campaign analytics to power real-time eligibility engines, customer targeting models, and product-mappi…",,2026-08-20 07:10:41+00:00,Adzuna,https://www.adzuna.in/details/5849116040?utm_medium=api&utm_source=8944a0ae,2026-09-08 06:05:51.064974+00:00,600000.0,1300000.0,permanent,IT Jobs,500,True,True
adzuna_5848641964,"Outreach Analyst – PMU, State Road Safety Lead Agency (SRSLA)",Pahlé India Foundation,India,,"About Pahlé India Foundation Pahlé India Foundation (PIF) is a New Delhi-based public policy think-and-action tank founded by Dr. Rajiv Kumar, former Vice Chairman of NITI Aayog. PIF works with central and state governments, multilateral agencies, and institutional partners on policy research, implementation support, and advisory assignments across sectors including governance, transport, infrastructure, and public administration. PIF's Northeast Regional Office, based in Guwahati, leads the Fo…",,2026-08-19 23:18:43+00:00,Adzuna,https://www.adzuna.in/land/ad/5848641964?se=kEahV0ur8RGGPLEEriM0Iw&utm_medium=api&utm_source=8944a0ae&v=C65091CBC5F275BE043C1D0C8F3E229CC330B212,2026-09-08 06:05:51.065130+00:00,,,full_time,Admin Jobs,500,True,False
adzuna_5848436882,RegTech Data Analyst,Tradeweb Markets,"Bangalore, Karnataka",,"Description Company Description Tradeweb is a global leader in electronic trading across asset classes. As financial markets become increasingly interconnected, our technology enables efficient, multi-asset trading on a global scale. We serve more than 3,000 clients in more than 85 countries, including many of the world’s largest banks, asset managers, hedge funds, insurers, corporations, and wealth managers. Creative collaboration and sharp client focus have helped fuel our organic growth. We …",,2026-08-19 21:10:33+00:00,Adzuna,https://www.adzuna.in/details/5848436882?utm_medium=api&utm_source=8944a0ae,2026-09-08 06:06:34.346070+00:00,,,full_time,IT Jobs,500,True,False
adzuna_5848369759,Lead Data Analyst,Cohere Health,"Hyderabad, Telangana",,"Opportunity Overview: We are seeking a Technical, Hands-on Manager to lead a team responsible for building and maintaining high-quality healthcare market datasets and analytics that power internal insights, benchmarking, and external thought leadership . In this role, you will lead a team of data analysts responsible for the development, quality assurance, and ongoing refresh of market data assets. You will combine strong people leadership with technical expertise in analytics and data science …",,2026-08-19 20:50:47+00:00,Adzuna,https://www.adzuna.in/details/5848369759?utm_medium=api&utm_source=8944a0ae,2026-09-08 06:06:30.923541+00:00,,,,IT Jobs,500,True,False
adzuna_5848355266,IT Data Analyst,Syneos Health,India,,"IT Data Analyst Syneos Health® is a leading fully-integrated life sciences services organization built to accelerate customer success. We partner with innovators at every point across the drug development and commercialization continuum, helping them navigate complexity, anticipate change and accelerate progress. Our Clinical Solutions team members act with a drug development mindset, applying their years of experience and deep expertise to truly understand customer needs and represent those in…",,2026-08-19 20:45:40+00:00,Adzuna,https://www.adzuna.in/details/5848355266?utm_medium=api&utm_source=8944a0ae,2026-09-08 06:06:36.975394+00:00,,,full_time,IT Jobs,500,True,False
adzuna_5848337096,Data Analyst,Precision Medicine Group,India,,"The Data Analyst supports client business processes and operations activities to ensure on-time and high-quality deliverables. Data Analyst combines best-in-class operational and analytic skills with strong problem-solving and communication abilities to projects, solving operational and analytical business problems. You will collaborate with and work closely with Senior Data Analyst & Operations Delivery Lead to deliver operational items. Essential functions of the job include but are not limit…",,2026-08-19 20:39:55+00:00,Adzuna,https://www.adzuna.in/details/5848337096?utm_medium=api&utm_source=8944a0ae,2026-09-08 06:05:53.308205+00:00,,,,IT Jobs,500,True,False
adzuna_5847854180,RegTech Data Analyst,Tradeweb,"Bangalore, Karnataka",,"Company Description Tradeweb is a global leader in electronic trading across asset classes. As financial markets become increasingly interconnected, our technology enables efficient, multi-asset trading on a global scale. We serve more than 3,000 clients in more than 85 countries, including many of the world's largest banks, asset managers, hedge funds, insurers, corporations, and wealth managers. Creative collaboration and sharp client focus have helped fuel our organic growth. We facilitated …",,2026-08-19 11:12:35+00:00,Adzuna,https://www.adzuna.in/details/5847854180?utm_medium=api&utm_source=8944a0ae,2026-09-08 06:06:34.346117+00:00,,,,IT Jobs,500,True,False
adzuna_5846915514,Data Analyst 2,JLL,India,,"JLL empowers you to shape a brighter way . Our people at JLL are shaping the future of real estate for a better world by combining world class services, advisory and technology for our clients. We are committed to hiring the best, most talented people and empowering them to thrive, grow meaningful careers and to find a place where they belong. Whether you’ve got deep experience in commercial real estate, skilled trades or technology, or you’re looking to apply your relevant experience to a new …",,2026-08-18 20:54:29+00:00,Adzuna,https://www.adzuna.in/details/5846915514?utm_medium=api&utm_source=8944a0ae,2026-09-08 06:06:30.922921+00:00,,,full_time,IT Jobs,500,True,False
adzuna_5846910026,Junior Data Analyst,ISS STOXX,"Mumbai, Maharashtra",,"About ISS Institutional Shareholder Services Inc. (ISS) is the world’s leading provider of corporate governance and responsible investment (RI) solutions for asset owners , asset managers, hedge funds , and asset service providers . ISS’ solutions include: objective governance research and recommendations; RI data, analytics, and research; end-to-end proxy voting and distribution solutions; turnkey securities class-action claims management ; and reliable global governance data and modeling tool…",,2026-08-18 20:44:49+00:00,Adzuna,https://www.adzuna.in/details/5846910026?utm_medium=api&utm_source=8944a0ae,2026-09-08 06:06:36.975828+00:00,,,permanent,Accounting & Finance Jobs,500,True,False
adzuna_5846723666,"Group Data Privacy (GDP) – Data Privacy Analyst,AS",Deutsche Bank,"Bangalore, Karnataka",,"This job is with Deutsche Bank, an inclusive employer and a member of myGwork – the largest global platform for the LGBTQ business community. Please do not contact the recruiter directly. Position Overview Role Description C&AFC C&AFC is responsible for managing the compliance and anti-financial crime risk of Deutsche Bank Group. Our mission is to ensure that C&AFC services are provided to the bank with the goals of protecting its integrity and reputation and managing legal risk to make transac…",,2026-08-18 18:03:43+00:00,Adzuna,https://www.adzuna.in/land/ad/5846723666?se=sk5JU0ur8RGH8OtBJeYZ3A&utm_medium=api&utm_source=8944a0ae&v=07CDF9B8A492511E4099EDEE9695F3B4DCF98743,2026-09-08 06:05:44.096203+00:00,,,full_time,IT Jobs,500,True,False
adzuna_5846723609,"Product Analyst – Operations Reference Data, AVP",Deutsche Bank,"Bangalore, Karnataka",,"This job is with Deutsche Bank, an inclusive employer and a member of myGwork – the largest global platform for the LGBTQ business community. Please do not contact the recruiter directly. Position Overview Role Description The Product Reference Data Service team sits within Operations Reference Data Services and is responsible for providing accurate and timely product reference data for the Bank. pRDS provides product data for all divisions of the Bank (IB/CB/PB) and deals with stakeholder acro…",,2026-08-18 18:03:42+00:00,Adzuna,https://www.adzuna.in/land/ad/5846723609?se=CnkoVkur8RGeZZqPEbx3QQ&utm_medium=api&utm_source=8944a0ae&v=063156DD23150BBCAF81505F2DE895A6040C5342,2026-09-08 06:05:48.899356+00:00,,,full_time,IT Jobs,500,True,False
adzuna_5846723639,Senior People Analyst,Wise,"Hyderabad, Telangana",,"This job is with Wise, an inclusive employer and a member of myGwork – the largest global platform for the LGBTQ business community. Please do not contact the recruiter directly. Wise is a global technology company, building the best way to move and manage the world’s money. Min fees. Max ease. Full speed. Whether people and businesses are sending money to another country, spending abroad, or making and receiving international payments, Wise is on a mission to make their lives easier and save t…",,2026-08-18 18:03:42+00:00,Adzuna,https://www.adzuna.in/land/ad/5846723639?se=jOfPVEur8RGsJNkd9qy0NQ&utm_medium=api&utm_source=8944a0ae&v=36A1DC37A199ACB77D77BBBCF743B72B5A52395F,2026-09-08 06:05:46.299659+00:00,,,full_time,IT Jobs,500,True,False
adzuna_5846723089,Product Marketing Data Analyst,Danaher,"Maharashtra, India",,"This job is with Danaher, an inclusive employer and a member of myGwork – the largest global platform for the LGBTQ business community. Please do not contact the recruiter directly. Find what drives you on a team with a more than 75-year history of discovery, determination, and innovation. As a global leader in high-tech filtration, separation, and purification, Pall Corporation thrives on helping our customers solve their toughest challenges. Our products serve diverse, global customer needs a…",,2026-08-18 18:03:33+00:00,Adzuna,https://www.adzuna.in/land/ad/5846723089?se=PLh2UEur8RGyxtY0rUukWA&utm_medium=api&utm_source=8944a0ae&v=FD0BD05DE843F3BDED634B0C1DBF729F860AD76C,2026-09-08 06:05:39.142276+00:00,,,full_time,IT Jobs,500,True,False
adzuna_5846549911,Data Analyst,FE fundinfo,"Chennai, Tamil Nadu",,"FE fundinfo is a global leader in investment fund data and technology. We are proud of our vast, diverse, and highly skilled team, who help to make our industry Better Connected and Better Informed. Our Engineering & Data Management function design, build and deploy software products for a wide range of financial market clients with a primary focus on the fund data value chain. Our agile teams come together as global solution providers using the latest tools and innovative techniques. As a Data…",,2026-08-18 16:03:19+00:00,Adzuna,https://www.adzuna.in/details/5846549911?utm_medium=api&utm_source=8944a0ae,2026-09-08 06:05:53.308073+00:00,,,full_time,IT Jobs,500,True,False
adzuna_5844317861,Senior Data Analyst,Guardant Health,India,,"Company Description Guardant Health is a leading precision oncology company focused on guarding wellness and giving every person more time free from cancer. Founded in 2012, Guardant® is transforming patient care and accelerating new cancer therapies by providing critical insights into what drives disease through its advanced blood and tissue tests, real-world data and AI analytics. Guardant tests help improve outcomes across all stages of care, including screening to find cancer early, monitor…",,2026-08-16 21:03:09+00:00,Adzuna,https://www.adzuna.in/details/5844317861?utm_medium=api&utm_source=8944a0ae,2026-09-08 06:06:30.924682+00:00,,,full_time,IT Jobs,500,True,False
adzuna_5844305490,Data Analyst – AVP,Barclays,India,,"Job Description Purpose of the role To enable data-driven strategic and operational decision making through extracting actionable insights from large datasets, performing statistical and advanced analytics to uncover trends and patterns, and presenting findings through clear visualisations and reports. Accountabilities Investigation and analysis of data issues related to quality, lineage, controls, and authoritative source identification, documenting data sources, methodologies, and quality fin…",,2026-08-16 20:57:14+00:00,Adzuna,https://www.adzuna.in/details/5844305490?utm_medium=api&utm_source=8944a0ae,2026-09-08 06:06:28.235928+00:00,,,full_time,IT Jobs,500,True,False
adzuna_5843987293,Advanced Data Analyst,Honeywell,"Gurgaon, Haryana",,"The Role: The Advanced Data Analyst will work across all PT lines of business and geographies to drive enterprise data quality, governance, and analytics initiatives supporting PT's Digital Transformation, including S/4 HANA, digital customer experience, and enterprise analytics. The role will focus on improving master and transactional data quality, enabling efficient business processes across Quote-to-Cash, Plan-to-Produce, Source-to-Pay, and Record-to-Report, while driving measurable busines…",,2026-08-16 11:22:03+00:00,Adzuna,https://www.adzuna.in/details/5843987293?utm_medium=api&utm_source=8944a0ae,2026-09-08 06:06:36.975527+00:00,,,,IT Jobs,500,True,False
adzuna_5843987310,Advanced Data Analyst,Honeywell,"Pune, Maharashtra",,"The Role: The Advanced Data Analyst will work across all PT lines of business and geographies to drive enterprise data quality, governance, and analytics initiatives supporting PT's Digital Transformation, including S/4 HANA, digital customer experience, and enterprise analytics. The role will focus on improving master and transactional data quality, enabling efficient business processes across Quote-to-Cash, Plan-to-Produce, Source-to-Pay, and Record-to-Report, while driving measurable busines…",,2026-08-16 11:22:03+00:00,Adzuna,https://www.adzuna.in/details/5843987310?utm_medium=api&utm_source=8944a0ae,2026-09-08 06:06:36.975477+00:00,,,,IT Jobs,500,True,False
adzuna_5843987300,Advanced Data Analyst,Honeywell,"Bangalore, Karnataka",,"The Role: The Advanced Data Analyst will work across all PT lines of business and geographies to drive enterprise data quality, governance, and analytics initiatives supporting PT's Digital Transformation, including S/4 HANA, digital customer experience, and enterprise analytics. The role will focus on improving master and transactional data quality, enabling efficient business processes across Quote-to-Cash, Plan-to-Produce, Source-to-Pay, and Record-to-Report, while driving measurable busines…",,2026-08-16 11:22:03+00:00,Adzuna,https://www.adzuna.in/details/5843987300?utm_medium=api&utm_source=8944a0ae,2026-09-08 06:06:36.975501+00:00,,,,IT Jobs,500,True,False
adzuna_5843986990,Data Analyst,Eaton Corporation,"Pune, Maharashtra",,"What you'll do: Eaton announced, on June 11, 2026, the intent to combine its Mobility Group (including both the Vehicle and eMobility segments) with a new company. We expect to complete this process by the end of the first half of 2027. The compensation and benefits that will initially be offered for this position are based on Eaton's plans, programs and practices. If you are offered and accept this position and are actively employed by the Mobility Group when the transaction closes, the new co…",,2026-08-16 11:21:49+00:00,Adzuna,https://www.adzuna.in/details/5843986990?utm_medium=api&utm_source=8944a0ae,2026-09-08 06:06:14.441027+00:00,,,,IT Jobs,500,True,False
adzuna_5843891866,Data Analyst,NetWeb Software,"Sevasi, Vadodara",,"Job Description – Senior Data Analyst Position Summary We are seeking an experienced Senior Data Quality Analyst to join our Enterprise Data team. This role is responsible for ensuring the integrity, consistency, and accuracy of business-critical data across multiple enterprise applications. The ideal candidate is someone who enjoys investigating complex data issues, performing deep data analysis using SQL, identifying the root causes of inconsistencies, and collaborating with both business and…",,2026-08-16 08:54:53+00:00,Adzuna,https://www.adzuna.in/details/5843891866?utm_medium=api&utm_source=8944a0ae,2026-09-08 06:06:06.227228+00:00,,,permanent,IT Jobs,500,True,False
adzuna_5843766857,IS Data Security - Senior Analyst,ABB,"Bangalore, Karnataka",,"This job is with ABB, an inclusive employer and a member of myGwork – the largest global platform for the LGBTQ business community. Please do not contact the recruiter directly. At ABB, we help industries run leaner and cleaner—and every person here makes that happen. You’ll be empowered to lead, supported to grow, and proud of the impact we create together. Join us and help run what runs the world. This Position reports to: IS Category Lead Arch. Workplace & UC Your role and responsibilities I…",,2026-08-16 06:19:54+00:00,Adzuna,https://www.adzuna.in/land/ad/5843766857?se=sk5JU0ur8RGH8OtBJeYZ3A&utm_medium=api&utm_source=8944a0ae&v=01FE278DE8610A415ACA5BDAD4540C0D25350285,2026-09-08 06:05:44.096148+00:00,,,full_time,IT Jobs,500,True,False
adzuna_5843766762,IS Data Security - Analyst,ABB,"Bangalore, Karnataka",,"This job is with ABB, an inclusive employer and a member of myGwork – the largest global platform for the LGBTQ business community. Please do not contact the recruiter directly. At ABB, we help industries run leaner and cleaner—and every person here makes that happen. You’ll be empowered to lead, supported to grow, and proud of the impact we create together. Join us and help run what runs the world. This Position reports to: IS Category Lead Arch. Workplace & UC Your role and responsibilities I…",,2026-08-16 06:19:46+00:00,Adzuna,https://www.adzuna.in/land/ad/5843766762?se=gBbnUUur8RGl-_JRamYmYw&utm_medium=api&utm_source=8944a0ae&v=10E7F647774D145FD5779E5E48176C6A2A5877E6,2026-09-08 06:05:41.415391+00:00,,,full_time,IT Jobs,500,True,False
adzuna_5843165269,Advanced Data Analyst,Honeywell,"Pune, Maharashtra",,"Description The Role: The Advanced Data Analyst will work across all PT lines of business and geographies to drive enterprise data quality, governance, and analytics initiatives supporting PT’s Digital Transformation, including S/4 HANA, digital customer experience, and enterprise analytics. The role will focus on improving master and transactional data quality, enabling efficient business processes across Quote-to-Cash, Plan-to-Produce, Source-to-Pay, and Record-to-Report, while driving measur…",,2026-08-15 20:53:21+00:00,Adzuna,https://www.adzuna.in/details/5843165269?utm_medium=api&utm_source=8944a0ae,2026-09-08 06:06:34.346024+00:00,,,full_time,IT Jobs,500,True,False
adzuna_5843155892,"Data Analyst, Labs",DoorDash,"Hyderabad, Telangana",,"Hyderabad, preferred or remote About the Team DoorDash Labs is an independent team within DoorDash. We explore robotics and automation to transform last mile logistics in the long term. If you want to work on commercializing autonomy and robotics in a service used by millions of people, then we want to talk to you! About the Role Come help us redefine last-mile logistics through robotics, automation, and other advanced technologies! DoorDash Labs is an independent team inside of DoorDash incuba…",,2026-08-15 20:42:13+00:00,Adzuna,https://www.adzuna.in/details/5843155892?utm_medium=api&utm_source=8944a0ae,2026-09-08 06:06:36.975583+00:00,,,,IT Jobs,500,True,False
adzuna_5842590109,Data Analyst,Agiliad Technologies,"Gurgaon, Haryana",,"Leadership and Team Management: Lead, mentor, and develop a team of data analysts and data scientists. Foster a collaborative and innovative team environment. Conduct predictive analysis to identify trends, patterns, and insights from large data sets. Develop and implement machine learning models and algorithms for predictive analytics. Strategic Planning: Develop and implement the data analytics strategy aligned with the company's goals. Identify opportunities for leveraging company data to dr…",,2026-08-15 08:33:34+00:00,Adzuna,https://www.adzuna.in/details/5842590109?utm_medium=api&utm_source=8944a0ae,2026-09-08 06:06:00.620628+00:00,,,,IT Jobs,500,True,False
adzuna_5841481304,Finance Data Analyst,Taylor and Francis,"Bangalore, Karnataka",,"Job Description Finance Data Analyst An innovative role combining deep finance expertise with advanced Power BI capabilities, Alteryx, SQL and AI knowledge to revolutionize financial reporting and analytics. Working alongside senior finance leadership, you will operate with high autonomy to deliver next-generation financial insights through Power BI solutions while maintaining strong financial planning and analysis capabilities. The position demands exceptional analytical skills and the ability…",,2026-08-14 13:30:00+00:00,Adzuna,https://www.adzuna.in/details/5841481304?utm_medium=api&utm_source=8944a0ae,2026-09-08 06:06:19.742030+00:00,,,,IT Jobs,500,True,False
adzuna_5839585374,Data Analyst - MDM,Eaton Corporation,"Pune, Maharashtra",,"What you'll do: Eaton announced, on June 11, 2026, the intent to combine its Mobility Group (including both the Vehicle and eMobility segments) with a new company. We expect to complete this process by the end of the first half of 2027. The compensation and benefits that will initially be offered for this position are based on Eaton's plans, programs and practices. If you are offered and accept this position and are actively employed by the Mobility Group when the transaction closes, the new co…",,2026-08-13 11:02:36+00:00,Adzuna,https://www.adzuna.in/details/5839585374?utm_medium=api&utm_source=8944a0ae,2026-09-08 06:06:36.975928+00:00,,,,IT Jobs,500,True,False
adzuna_5839221139,Data Analyst,Tanla Platforms,"Navi Mumbai, Maharashtra",,"Key Deliverables: Analyze and model sales, product, and strategic business data to support management decisions. Create insightful reports, dashboards, and performance presentations using tools like Excel and Tableau. Manage CRM data accuracy, usage, and support, including funnel tracking and opportunity monitoring. Provide sales analytics, traffic reports, and revenue insights to the sales team regularly. Role Responsibilities: Collaborate with business strategy and sales teams to track target…",,2026-08-13 07:31:47+00:00,Adzuna,https://www.adzuna.in/details/5839221139?utm_medium=api&utm_source=8944a0ae,2026-09-08 06:06:14.440509+00:00,,,,Sales Jobs,500,True,False
adzuna_5838750293,Junior Data Analyst,Happiest Resume,"New Delhi, Delhi",,"We are seeking a highly motivated and detail-oriented Junior Data Analyst to join our team. As a Junior Data Analyst, you will play a key role in supporting the Data Science, Risk, and Business teams by developing analytical datasets, dashboards, and actionable insights that enable data-driven lending decisions, portfolio monitoring, and operational excellence. You will work closely with cross-functional teams to drive business growth and improve operational efficiency. Your primary responsibil…",,2026-08-13 02:55:55+00:00,Adzuna,https://www.adzuna.in/details/5838750293?utm_medium=api&utm_source=8944a0ae,2026-09-08 06:06:22.773519+00:00,100000.0,700000.0,full_time,IT Jobs,500,True,True
adzuna_5838750295,Junior Data Analyst,Happiest Resume,"Delhi, India",,"We are seeking a highly motivated and detail-oriented Junior Data Analyst to join our team. As a Junior Data Analyst, you will play a key role in supporting the Data Science, Risk, and Business teams by developing analytical datasets, dashboards, and actionable insights that enable data-driven lending decisions, portfolio monitoring, and operational excellence. You will work closely with cross-functional teams to identify business needs and develop data-driven solutions. Your primary responsibi…",,2026-08-13 02:55:55+00:00,Adzuna,https://www.adzuna.in/details/5838750295?utm_medium=api&utm_source=8944a0ae,2026-09-08 06:06:22.773467+00:00,100000.0,700000.0,full_time,IT Jobs,500,True,True
adzuna_5838433598,Data Analyst,DXC Technology,India,,"Job Description: Responsibilities as the Data/Business Analyst: Analyzing the as-is data structures and mapping to new to-be data structures Writing high quality, testable user stories to ensure that these can be estimated, delivered by developers and used to define test automation and which. Analyzing, understanding and documenting existing system behavior, including data mapping and transformation to support integration design as well as identification of system features and data requirements…",,2026-08-12 20:42:00+00:00,Adzuna,https://www.adzuna.in/details/5838433598?utm_medium=api&utm_source=8944a0ae,2026-09-08 06:06:00.620847+00:00,,,full_time,IT Jobs,500,True,False
adzuna_5837139892,Senior Data Analyst,Capco,India,,"This job is with Capco, an inclusive employer and a member of myGwork – the largest global platform for the LGBTQ business community. Please do not contact the recruiter directly. Job Title: Data Analyst (Python Pyspark) About Us “Capco, a Wipro company, is a global technology and management consulting firm. Awarded with Consultancy of the year in the British Bank Award and has been ranked Top 100 Best Companies for Women in India 2022 by Avtar & Seramount . With our presence across 32 cities a…",,2026-08-12 01:59:43+00:00,Adzuna,https://www.adzuna.in/land/ad/5837139892?se=lB33Tkur8RGsJNkd9qy0NQ&utm_medium=api&utm_source=8944a0ae&v=4787DEB72117F1E1AE98E353D8AD9B20E9DD6C9B,2026-09-08 06:05:36.693829+00:00,,,full_time,IT Jobs,500,True,False
adzuna_5837139895,Liquidity - Data Analyst,Capco,India,,"This job is with Capco, an inclusive employer and a member of myGwork – the largest global platform for the LGBTQ business community. Please do not contact the recruiter directly. Job Title: SOX Compliance About Us “Capco, a Wipro company, is a global technology and management consulting firm. Awarded with Consultancy of the year in the British Bank Award and has been ranked Top 100 Best Companies for Women in India 2022 by Avtar & Seramount . With our presence across 32 cities across globe, we…",,2026-08-12 01:59:43+00:00,Adzuna,https://www.adzuna.in/land/ad/5837139895?se=PLh2UEur8RGyxtY0rUukWA&utm_medium=api&utm_source=8944a0ae&v=79B2AB8CAF9701F61DCB4DE422AE3B158EB7D1F2,2026-09-08 06:05:39.142051+00:00,,,full_time,Accounting & Finance Jobs,500,True,False
adzuna_5837139431,Business Data Analyst,Capco,India,,"This job is with Capco, an inclusive employer and a member of myGwork – the largest global platform for the LGBTQ business community. Please do not contact the recruiter directly. Job Title: Business Data Analyst About Us “Capco, a Wipro company, is a global technology and management consulting firm. Awarded with Consultancy of the year in the British Bank Award and has been ranked Top 100 Best Companies for Women in India 2022 by Avtar & Seramount . With our presence across 32 cities across gl…",,2026-08-12 01:59:37+00:00,Adzuna,https://www.adzuna.in/land/ad/5837139431?se=lB33Tkur8RGsJNkd9qy0NQ&utm_medium=api&utm_source=8944a0ae&v=9F2281852FD004BE4D0EAD9279FE898C7B3E11ED,2026-09-08 06:05:36.694015+00:00,,,full_time,IT Jobs,500,True,False
adzuna_5837019508,Data Analyst,Petrofac,"Chennai, Tamil Nadu",,"Petrofac is a leading international service provider to the energy industry, with a diverse client portfolio including many of the world’s leading energy companies. We design, build, manage, and maintain infrastructure for our clients. We recruit, reward, and develop our people based on merit, regardless of race, nationality, religion, gender, age, sexual orientation, marital status, or disability. We value our people and treat everyone who works for or with Petrofac fairly and without discrimi…",,2026-08-11 21:41:04+00:00,Adzuna,https://www.adzuna.in/details/5837019508?utm_medium=api&utm_source=8944a0ae,2026-09-08 06:06:06.227520+00:00,,,permanent,HR & Recruitment Jobs,500,True,False
adzuna_5835723885,Data Analyst,Portcast,India,,"Portcast is a venture-backed, Singapore-based logistics technology startup building a real-time transportation visibility platform for global supply chains. We help shippers, manufacturers, and logistics service providers turn data into decisions and decisions into measurable business impact. Our platform goes beyond visibility. Portcast enables action at scale by surfacing the right risks early, helping teams prevent detention and demurrage, accelerate exception management, and close invoices …",,2026-08-10 20:48:00+00:00,Adzuna,https://www.adzuna.in/details/5835723885?utm_medium=api&utm_source=8944a0ae,2026-09-08 06:06:06.227437+00:00,,,full_time,Engineering Jobs,500,True,False
adzuna_5835481791,Data Analyst,iamneo - An NIIT Venture,"Coimbatore, Tamil Nadu",,"Job Title: Data Analyst Location: Coimbatore Employment Type: Full-time Experience Level: Associate / Senior Associate About Iamneo Founded in 2016 and now part of the NIIT family, iamneo is a fast-growing, profitable B2B EdTech SaaS company that's transforming how tech talent is upskilled, evaluated, and deployed. Our AI-powered learning and assessment platforms help enterprises and educational institutions build future-ready talent at scale. Our product suite — including Neo PAT (student empl…",,2026-08-10 16:02:30+00:00,Adzuna,https://www.adzuna.in/details/5835481791?utm_medium=api&utm_source=8944a0ae,2026-09-08 06:06:00.620462+00:00,,,full_time,IT Jobs,500,True,False
adzuna_5834763905,Associate Data Analyst,GIA Services,"Mumbai, Maharashtra",,"The Data Analytics/Business Intelligence team is responsible for building and supporting GIA’s global data warehouse and building out dashboards for consumption across GIA digital domain. The team is a fundamental part of GIA’s effort to become a fully digitalized company. The team partners with various business units to enable the services required to deliver software, data and business intelligence services. The Associate Data Analytics function to assist the Data Analyst in the design, devel…",,2026-08-09 20:59:01+00:00,Adzuna,https://www.adzuna.in/details/5834763905?utm_medium=api&utm_source=8944a0ae,2026-09-08 06:06:22.774025+00:00,,,full_time,IT Jobs,500,True,False
adzuna_5834755860,Logistics Data Analyst,Circle K Stores,India,,"Job Description Alimentation Couche-Tard Inc., (ACT) is a global Fortune 200 company. A leader in the convenience store and fuel space, ACT’s retail network includes ~16,700 convenience stores, and has footprint across 31countries and territories primarily under the Circle K brand. Circle K India Fuels & Logistics team is an integral part of ACT’s Global Fuels & Logistics Team, and the Logistics Data Analyst will be a key player on this team supporting with logistics financial and performance a…",,2026-08-09 20:50:35+00:00,Adzuna,https://www.adzuna.in/details/5834755860?utm_medium=api&utm_source=8944a0ae,2026-09-08 06:06:34.345603+00:00,,,full_time,Accounting & Finance Jobs,500,True,False
adzuna_5834753332,Data Analyst Intern,Portcast,India,,"Portcast is a venture-backed, Singapore-based logistics technology startup building a real-time transportation visibility platform for global supply chains. We help shippers, manufacturers, and logistics service providers turn data into decisions and decisions into measurable business impact. Our platform goes beyond visibility. Portcast enables action at scale by surfacing the right risks early, helping teams prevent detention and demurrage, accelerate exception management, and close invoices …",,2026-08-09 20:48:38+00:00,Adzuna,https://www.adzuna.in/details/5834753332?utm_medium=api&utm_source=8944a0ae,2026-09-08 06:06:22.773197+00:00,,,contract,Engineering Jobs,500,True,False
adzuna_5834752688,Senior Data Analyst,Priceline,"Mumbai, Maharashtra",,"This role is eligible for our hybrid work model: Two days in-office. We’re a data-driven organization, which makes our Analytics and Data Science teams the brains of our operation. On the cutting edge of customer and business analytics, they make sure all our decisions and innovations are based on the latest insights. Why this job’s a big deal: As a Senior Data Analyst within our Finance team, you will lead high-profile, strategic initiatives. Collaborating closely with stakeholders across dive…",,2026-08-09 20:48:22+00:00,Adzuna,https://www.adzuna.in/details/5834752688?utm_medium=api&utm_source=8944a0ae,2026-09-08 06:06:36.975779+00:00,,,full_time,IT Jobs,500,True,False
adzuna_5833585588,Data Analyst - Operations,Kroll,"Bangalore, Karnataka",,"Description Kroll is seeking a detail-oriented and analytical Data Analyst - Operations, to support their service line Operations teams in driving operational excellence across a global consulting practice. This role is ideal for an early-career professional who enjoys working with data, improving processes, supporting business operations, and collaborating with stakeholders across multiple functions. The Operations Analyst will help ensure the accuracy of operational data, support business rep…",,2026-08-08 20:46:00+00:00,Adzuna,https://www.adzuna.in/details/5833585588?utm_medium=api&utm_source=8944a0ae,2026-09-08 06:06:30.924634+00:00,,,full_time,IT Jobs,500,True,False
adzuna_5833582957,Data Analyst,Amex,"Bangalore, Karnataka",,"Amex GBT is a place where colleagues find inspiration in travel as a force for good and – through their work – can make an impact on our industry. We’re here to help our colleagues achieve success and offer an inclusive and collaborative culture where your voice is valued. We are seeking an experienced Data Analyst to join our Innovation and Development team at American Express Global Business Travel. In this role, you will lead data-driven initiatives, architect scalable data solutions, and me…",,2026-08-08 20:43:25+00:00,Adzuna,https://www.adzuna.in/details/5833582957?utm_medium=api&utm_source=8944a0ae,2026-09-08 06:06:03.526222+00:00,,,full_time,IT Jobs,500,True,False
adzuna_5832798187,Data Analyst,Milestone Online Technology,"Lucknow, Uttar Pradesh",,"Job description Need Data Analysts with good understanding of Python (pandas), Excel, tools like Tableau and Power BI. BTech (CS/IT/EC/EE), MBA, MTech, MCA, BCA, BSc, MSc freshers from 2024, 2023, 2022, 2021 should apply. Candidate should know Data Analytics. Skills: Power Bi, Sql, Python Experience: 0.00-1.00 Years",,2026-08-08 07:31:07+00:00,Adzuna,https://www.adzuna.in/details/5832798187?utm_medium=api&utm_source=8944a0ae,2026-09-08 06:05:55.548426+00:00,,,,IT Jobs,317,True,False
adzuna_5832798181,Data Analyst,Milestone Online Technology,"Patna, Bihar",,"Job description Need Data Analysts with good understanding of Python (pandas), Excel, tools like Tableau and Power BI. BTech (CS/IT/EC/EE), MBA, MTech, MCA, BCA, BSc, MSc freshers from 2024, 2023, 2022, 2021 should apply. Candidate should know Data Analytics. Skills: Power Bi, Sql, Python Experience: 0.00-1.00 Years",,2026-08-08 07:31:06+00:00,Adzuna,https://www.adzuna.in/details/5832798181?utm_medium=api&utm_source=8944a0ae,2026-09-08 06:05:55.548468+00:00,,,,IT Jobs,317,True,False
adzuna_5832798167,Data Analyst,Milestone Online Technology,"Gurgaon, Haryana",,"Job description Need Data Analysts with good understanding of Python (pandas), Excel, tools like Tableau and Power BI. BTech (CS/IT/EC/EE), MBA, MTech, MCA, BCA, BSc, MSc freshers from 2024, 2023, 2022, 2021 should apply. Candidate should know Data Analytics. Skills: Power Bi, Sql, Python Experience: 0.00-1.00 Years",,2026-08-08 07:31:06+00:00,Adzuna,https://www.adzuna.in/details/5832798167?utm_medium=api&utm_source=8944a0ae,2026-09-08 06:05:55.548377+00:00,,,,IT Jobs,317,True,False
adzuna_5832798180,Data Analyst,Milestone Online Technology,"Ahmedabad, Gujarat",,"Job description Need Data Analysts with good understanding of Python (pandas), Excel, tools like Tableau and Power BI. BTech (CS/IT/EC/EE), MBA, MTech, MCA, BCA, BSc, MSc freshers from 2024, 2023, 2022, 2021 should apply. Candidate should know Data Analytics. Skills: Power Bi, Sql, Python Experience: 0.00-1.00 Years",,2026-08-08 07:31:06+00:00,Adzuna,https://www.adzuna.in/details/5832798180?utm_medium=api&utm_source=8944a0ae,2026-09-08 06:05:55.548271+00:00,,,,IT Jobs,317,True,False
adzuna_5832798159,Data Analyst,Milestone Online Technology,"Bangalore, Karnataka",,"Job description Need Data Analysts with good understanding of Python (pandas), Excel, tools like Tableau and Power BI. BTech (CS/IT/EC/EE), MBA, MTech, MCA, BCA, BSc, MSc freshers from 2024, 2023, 2022, 2021 should apply. Candidate should know Data Analytics. Skills: Power Bi, Sql, Python Experience: 0.00-1.00 Years",,2026-08-08 07:31:05+00:00,Adzuna,https://www.adzuna.in/details/5832798159?utm_medium=api&utm_source=8944a0ae,2026-09-08 06:05:55.548314+00:00,,,,IT Jobs,317,True,False
adzuna_5832798158,Data Analyst,Milestone Online Technology,"Kolkata, West Bengal",,"Job description Need Data Analysts with good understanding of Python (pandas), Excel, tools like Tableau and Power BI. BTech (CS/IT/EC/EE), MBA, MTech, MCA, BCA, BSc, MSc freshers from 2024, 2023, 2022, 2021 should apply. Candidate should know Data Analytics. Skills: Power Bi, Sql, Python Experience: 0.00-1.00 Years",,2026-08-08 07:31:05+00:00,Adzuna,https://www.adzuna.in/details/5832798158?utm_medium=api&utm_source=8944a0ae,2026-09-08 06:05:55.548510+00:00,,,,IT Jobs,317,True,False
adzuna_5832092606,Master Data Analyst,SPX FLOW,"Bangalore, Karnataka",,"Job Title: Master Data Analyst Accountability: SPX FLOW is a global multi-industry manufacturing leader with approximately $2.1 billion in annual revenue, operations in more than 35 countries and close to 7,000 employees. The company's highly-specialized, engineered products and innovative technologies are helping to meet rising global demand for electricity and processed foods and beverages, particularly in emerging markets. The Global Data Analytics and Data Governance Team is responsible for…",,2026-08-07 20:57:12+00:00,Adzuna,https://www.adzuna.in/details/5832092606?utm_medium=api&utm_source=8944a0ae,2026-09-08 06:06:22.773723+00:00,,,,Accounting & Finance Jobs,500,True,False
adzuna_5832090086,Data Analyst,Fortive,India,,"Description The Data Analyst will focus on advanced analytics, predictive modeling, and scalable BI development to support Sales leadership with forward-looking insights. This role is responsible for building and maintaining predictive, repeatable reporting frameworks across forecasting, top-of-funnel performance, and core sales KPIs. Advanced Analytics & Predictive Modeling Design and maintain predictive models to support revenue forecasting, pipeline movement, deal progression, and funnel con…",,2026-08-07 20:54:37+00:00,Adzuna,https://www.adzuna.in/details/5832090086?utm_medium=api&utm_source=8944a0ae,2026-09-08 06:06:06.227358+00:00,,,full_time,IT Jobs,500,True,False
adzuna_5831602194,Data Analyst,Fortive Corporation,India,,"The Data Analyst will focus on advanced analytics, predictive modeling, and scalable BI development to support Sales leadership with forward-looking insights. This role is responsible for building and maintaining predictive, repeatable reporting frameworks across forecasting, top-of-funnel performance, and core sales KPIs. _Advanced Analytics & Predictive Modeling_ Design and maintain predictive models to support revenue forecasting, pipeline movement, deal progression, and funnel conversion. …",,2026-08-07 10:54:42+00:00,Adzuna,https://www.adzuna.in/details/5831602194?utm_medium=api&utm_source=8944a0ae,2026-09-08 06:06:06.227790+00:00,,,,IT Jobs,499,True,False
adzuna_5831403235,Data Analyst,ORBIT & SKYLINE,"Mohali, Punjab",,"The candidate will be part of a team assisting in the delivery of efficient engineering support and solutions to customers while also contributing to the development of Indian semiconductor ecosystem. Roles & Responsibilities Designing and maintaining data systems and databases; this includes fixing coding errors and other data-related problems. Mining data from primary and secondary sources, then reorganizing said data in a format that can be easily read by either human or machine. Using stati…",,2026-08-07 07:33:23+00:00,Adzuna,https://www.adzuna.in/details/5831403235?utm_medium=api&utm_source=8944a0ae,2026-09-08 06:06:14.439705+00:00,,,,IT Jobs,500,True,False
adzuna_5831401994,Data Analyst,Orbit Skyline,"Mohali, Punjab",,"Designing and maintaining data systems and databases; this includes fixing coding errors and other data-related problems. Mining data from primary and secondary sources, then reorganizing said data in a format that can be easily read by either human or machine. Using statistical tools to interpret data sets, paying particular attention to trends and patterns that could be valuable for diagnostic and predictive analytics efforts. Demonstrating the significance of their work in the context of loc…",,2026-08-07 07:32:32+00:00,Adzuna,https://www.adzuna.in/details/5831401994?utm_medium=api&utm_source=8944a0ae,2026-09-08 06:06:14.439965+00:00,,,,IT Jobs,500,True,False
adzuna_5831401587,Senior Data Analyst,Flipkart,"Bangalore, Karnataka",,"We are looking for data analyst expertized on Oracle SQL/PLSQL having 5-8 years of experience. Successful candidates will work as a part of a team and help us in building SQL Automations. As we help our clients target, measure and improve mission-critical business metrics and generate demonstrable return on investment, our SQL data analysts enjoy a high level of responsibility and immediate client interactions. In addition to technical excellence, you are expected to be excellent communicators …",,2026-08-07 07:31:54+00:00,Adzuna,https://www.adzuna.in/details/5831401587?utm_medium=api&utm_source=8944a0ae,2026-09-08 06:06:22.773255+00:00,,,,IT Jobs,500,True,False
adzuna_5831397285,Data Analyst,ICE,"Hyderabad, Telangana",,"Job Purpose We are looking for a passionate Data Analyst to support the Operations Analytics department at ICE. The successful candidate will play a crucial role in extracting actionable insights from large datasets to guide strategic decision making within the organization. Primary responsibilities will revolve around analyzing complex data sets, identifying patterns, and developing models to provide actionable recommendations to our stakeholders. Responsibilities Data Analysis: Collect, clean…",,2026-08-07 07:27:22+00:00,Adzuna,https://www.adzuna.in/details/5831397285?utm_medium=api&utm_source=8944a0ae,2026-09-08 06:06:00.620656+00:00,,,,IT Jobs,500,True,False
adzuna_5831395731,Data Analyst,Whisk Software Private Limited,"Pune, Maharashtra",,"Expert knowledge of one or more reporting platforms (Tableau, Business Objects, etc.) Expert in constructing and optimizing complex SQL queries across large volumes of data Expert knowledge of one or more data quality management platforms (Informatica IDQ / CDQ, Ataccama, Information Builders) and using that platform to conduct data discovery and analysis Strong analytical skills and an understanding of the appropriate statistical techniques to use under different circumstances Experience desig…",,2026-08-07 07:26:13+00:00,Adzuna,https://www.adzuna.in/details/5831395731?utm_medium=api&utm_source=8944a0ae,2026-09-08 06:05:53.308279+00:00,,,,IT Jobs,500,True,False
adzuna_5830641274,CX Data Analyst,Multitude,"Gurgaon, Haryana",,"About the Role We are looking for a highly analytical and detail-oriented Data Analyst to join our Customer Experience & Collections (CUX) team. This role plays a critical part in supporting business decisions through data-driven insights, operational reporting, and performance analysis across Customer Operations and Collections. The ideal candidate has strong analytical capabilities, excellent Power BI and Excel skills, and experience working with large datasets to build dashboards, identify t…",,2026-08-06 20:57:42+00:00,Adzuna,https://www.adzuna.in/details/5830641274?utm_medium=api&utm_source=8944a0ae,2026-09-08 06:06:25.651850+00:00,,,full_time,IT Jobs,500,True,False
adzuna_5826247065,Data Analyst,Inficore Soft,India,,"Data Analyst (Full-Time) Company: Inficore Soft Job Title: Data Analyst Location: India Employment Type: Full-Time Salary: ₹22,000 per month About Inficore Soft Inficore Soft is a technology-driven company focused on delivering innovative software and digital solutions. We are looking for a detail-oriented Data Analyst who can transform raw data into meaningful insights to support business growth and strategic decision-making. Key Responsibilities * Collect, clean, and validate data from multip…",,2026-08-03 06:51:53+00:00,Adzuna,https://www.adzuna.in/details/5826247065?utm_medium=api&utm_source=8944a0ae,2026-09-08 06:05:51.064816+00:00,264000.0,276000.0,permanent,IT Jobs,500,True,True
adzuna_5824135153,Data Analyst,Guidehouse,India,,"Job Family : EBO Management Information System (India) Travel Required : None Clearance Required : None What You Will Do: Understand high-level client requirements, break them down into detailed tasks, and collaborate with the team to define solutions; provide recommendations based on qualitative and quantitative analysis Contribute & Manage backend PMO activities (Timesheet Management, Invoice Oversight, SubK & Roster Management, Laptop/Resource Management, Expenses, EDSP & other Compliance Re…",,2026-08-01 20:56:59+00:00,Adzuna,https://www.adzuna.in/details/5824135153?utm_medium=api&utm_source=8944a0ae,2026-09-08 06:06:14.439587+00:00,,,full_time,IT Jobs,500,True,False
adzuna_5824128224,Data Analyst,Anaplan,India,,"At Anaplan, we are a team of innovators focused on optimizing business decision-making through our leading AI-infused scenario planning and analysis platform so our customers can outpace their competition and the market. What unites Anaplanners across teams and geographies is our collective commitment to our customers’ success and to our Winning Culture. Our customers rank among the who’s who in the Fortune 50. Coca-Cola, LinkedIn, Adobe, LVMH and Bayer are just a few of the 2,400 global compan…",,2026-08-01 20:49:30+00:00,Adzuna,https://www.adzuna.in/details/5824128224?utm_medium=api&utm_source=8944a0ae,2026-09-08 06:06:03.526461+00:00,,,,IT Jobs,500,True,False
adzuna_5822435697,Data Analyst,EXL,India,,"Description Analyze and interpret large datasets to extract meaningful insights and support decision-making processes in the business. Responsibilities Collect, clean, and analyze data, create reports and dashboards, collaborate with stakeholders on data needs, perform statistical analysis Qualifications Bachelor's/Master's in any stream 2-5 years",,2026-07-31 20:54:40+00:00,Adzuna,https://www.adzuna.in/details/5822435697?utm_medium=api&utm_source=8944a0ae,2026-09-08 06:06:14.440061+00:00,,,full_time,IT Jobs,349,True,False
adzuna_5822232685,Information Technology Internal Auditor,Mizuho,"Chennai, Tamil Nadu",,"Mizuho Global Services Pvt Ltd (MGS) is a subsidiary company of Mizuho Bank, Ltd, which is one of the largest banks or so called Mega Banks of Japan. MGS was established in the year 2020 as part of Mizuhos long-term strategy of creating a captive global processing center for remotely handling banking and IT related operations of Mizuho Banks domestic and overseas offices and Mizuhos group companies across the globe. At Mizuho we are committed to a culture that is driven by ethical values and su…",,2026-07-31 15:27:22+00:00,Adzuna,https://www.adzuna.in/land/ad/5822232685?se=mJoXZ0ur8RGH8OtBJeYZ3A&utm_medium=api&utm_source=8944a0ae&v=6EA4E33DFF0B4C823ECF2DFDA40F96216732DB3D,2026-09-08 06:06:17.010686+00:00,,,,IT Jobs,500,True,False
adzuna_5821857069,Data Analyst,Sonata Software,"Hyderabad, Telangana",,"Key Responsibilities: • Works independently within Data and Analytics with limited design help from manager or senior associates • Advanced proficiency in SQL for querying, data manipulation, and optimization. • Ability to write complex SQL queries, including subqueries, joins. • Preferably 2 years' experience with Snowflake. Ability to write complex SQL queries, including subqueries, joins. • Leverage coding best practices and advanced techniques to ensure efficient execution of code against l…",,2026-07-31 07:26:15+00:00,Adzuna,https://www.adzuna.in/details/5821857069?utm_medium=api&utm_source=8944a0ae,2026-09-08 06:06:11.882566+00:00,,,,IT Jobs,500,True,False
adzuna_5821854252,Senior - Data Analyst,KPMG,"Bangalore, Karnataka",,"We are looking for a dynamic and detail-oriented DP-Consultant specializing in Adobe Analytics to join our growing team. As a key member of our Data and Analytics practice, you will work closely with clients to design, implement, and optimize Adobe Analytics solutions that drive data-driven decision-making. Your expertise in Adobe Analytics will empower clients to extract actionable insights from their digital data, improve marketing performance, and accelerate business growth. You will also be…",,2026-07-31 07:24:38+00:00,Adzuna,https://www.adzuna.in/details/5821854252?utm_medium=api&utm_source=8944a0ae,2026-09-08 06:06:34.345789+00:00,,,,IT Jobs,500,True,False
adzuna_5820787704,Senior Data Analyst,Albertsons Companies India,"Bangalore, Karnataka",,"Senior Data Analyst Value Proposition: We will enable scalable, high-quality analytics delivery by building foundational datasets for POC workflows, advancing brand and upper-funnel measurement methodologies, and unlocking holistic measurement across all enterprise marketing channels. These analysts will partner closely with Enterprise Analytics to deliver robust reporting, category insights, and dashboards that empower onshore Marsci Engagement teamsdriving faster, data-informed decisions at a…",,2026-07-30 10:53:23+00:00,Adzuna,https://www.adzuna.in/details/5820787704?utm_medium=api&utm_source=8944a0ae,2026-09-08 06:06:25.650925+00:00,,,,IT Jobs,500,True,False
adzuna_5820582141,data analyst / Data analytics,Aspyra Hr Services,"Pune, Maharashtra",,"Roles and Responsibilities: Extract, manipulate, and analyze large datasets from various sources such as Hive, SQL databases, and BI tools. Develop and maintain dashboards using Tableau to provide insights on banking performance, market trends, and customer behavior. Collaborate with cross-functional teams to identify key performance indicators (KPIs) and develop data visualizations to drive business decisions. Desired Candidate Profile: 3–8 years of experience in Data Analytics or a related fi…",,2026-07-30 07:29:15+00:00,Adzuna,https://www.adzuna.in/details/5820582141?utm_medium=api&utm_source=8944a0ae,2026-09-08 06:06:19.742080+00:00,,,,IT Jobs,500,True,False
adzuna_5820582124,data analyst / data analytics,Aspyra Hr Services,"Hyderabad, Telangana",,"Roles and Responsibilities: Extract, manipulate, and analyze large datasets from various sources such as Hive, SQL databases, and BI tools. Develop and maintain dashboards using Tableau to provide insights on banking performance, market trends, and customer behavior. Collaborate with cross-functional teams to identify key performance indicators (KPIs) and develop data visualizations to drive business decisions. Desired Candidate Profile: 6–10 years of experience in Data Analytics or related fie…",,2026-07-30 07:29:15+00:00,Adzuna,https://www.adzuna.in/details/5820582124?utm_medium=api&utm_source=8944a0ae,2026-09-08 06:06:19.742056+00:00,,,,IT Jobs,500,True,False
adzuna_5819884300,Data Analyst,Lloyds Bank,India,,"End Date Tuesday 29 September 2026 We Support Flexible Working – Click here for more information on flexible working options Flexible Working Options Hybrid Working Job Description Summary The Data Engineer will focus on assisting in the design, development, and maintenance of Data Product pipelines, gaining practical experience whilst working under the guidance of senior data engineers.​ Job Description Must Have Skills : SQL, GCP, Python Experience Level: 2 - 5 Years Supports and enables othe…",,2026-07-29 20:58:50+00:00,Adzuna,https://www.adzuna.in/details/5819884300?utm_medium=api&utm_source=8944a0ae,2026-09-08 06:06:11.882541+00:00,,,full_time,IT Jobs,500,True,False
adzuna_5819873638,Data Analyst/ Senior Data Analyst,Dynata,"Noida, Ghaziabad",,"Responsibilities Ability to work on low complexity projects independently (Data Validation, Data Delivery &Tabulation/Data Outputs) Understand client requirement specifications and ensure to deliver them in time Organizing and shaping the data through the internal standards Escalate problems to manager for assistance as needed Experience 2-5 years of work experience in market research or equivalent. Knowledge & Skill Knowledge in Microsoft Office(Excel, Word and powerPoint). Knowledge of SPSS K…",,2026-07-29 20:47:45+00:00,Adzuna,https://www.adzuna.in/details/5819873638?utm_medium=api&utm_source=8944a0ae,2026-09-08 06:05:51.065077+00:00,,,full_time,IT Jobs,500,True,False
adzuna_5819192336,Data Analyst,Campus Management,"Chennai, Tamil Nadu",,"Primary Responsibilities: Administer a PostgreSQL database and ensure smooth data operation Manage and create data sets available through BI tools such as Chartio , Power BI , or others Automate and refresh reports and dashboards in a BI tool through queries Help improve data quality and data availability by analyzing existing data and datasets Provide systems best practices recommendations to enhance the efficiency and overall data quality of our systems Required Skills/Qualifications: BA/BS D…",,2026-07-29 07:48:20+00:00,Adzuna,https://www.adzuna.in/details/5819192336?utm_medium=api&utm_source=8944a0ae,2026-09-08 06:06:14.440458+00:00,,,,IT Jobs,500,True,False
adzuna_5819192327,Data Analyst,Campus Management,"Bangalore, Karnataka",,"Primary Responsibilities: Administer a PostgreSQL database and ensure smooth data operation Manage and create data sets available through BI tools such as Chartio , Power BI , or others Automate and refresh reports and dashboards in a BI tool through queries Help improve data quality and data availability by analyzing existing data and datasets Provide systems best practices recommendations to enhance the efficiency and overall data quality of our systems Required Skills/Qualifications: BA/BS D…",,2026-07-29 07:48:19+00:00,Adzuna,https://www.adzuna.in/details/5819192327?utm_medium=api&utm_source=8944a0ae,2026-09-08 06:06:11.882517+00:00,,,,IT Jobs,500,True,False
adzuna_5818423330,Data Analyst,Equitas Small Finance Bank,India,,"We are looking for a detail-oriented and analytical Data Analyst to join our team. In this role, you will collect, clean, and interpret complex datasets to help leadership and cross-functional teams understand market trends, optimize operations, and solve business challenges. [ 1 , 2 , 3 ]",,2026-07-28 20:53:05+00:00,Adzuna,https://www.adzuna.in/details/5818423330?utm_medium=api&utm_source=8944a0ae,2026-09-08 06:05:55.547919+00:00,,,full_time,Manufacturing Jobs,290,True,False
adzuna_5818418582,Senior Data Analyst,Netomi,India,,"About the Company: Netomi is the leading agentic AI platform for enterprise customer experience. We work with the largest global brands like Delta Airlines, MetLife, MGM, United, and others to enable agentic automation at scale across the entire customer journey. Our no-code platform delivers the fastest time to market, lowest total cost of ownership, and simple, scalable management of AI agents for any CX use case. Backed by WndrCo, Y Combinator, and Index Ventures, we help enterprises drive e…",,2026-07-28 20:48:18+00:00,Adzuna,https://www.adzuna.in/details/5818418582?utm_medium=api&utm_source=8944a0ae,2026-09-08 06:06:34.345742+00:00,,,full_time,IT Jobs,500,True,False
adzuna_5817919893,Data Analyst I,Booking Holdings,"Bangalore, Karnataka",,"About Us: At Booking.com, data drives our decisions. Technology is at our core. And innovation is everywhere. But our company is more than datasets, lines of code or A/B tests. We're the thrill of the first night in a new place. The excitement of the next morning. The friends you encounter. The journeys you take. The sights you see. And the memories you make. Through our products, partners, and people, we make it easier for everyone to experience the world. Role Description: The Data Analyst I …",,2026-07-28 07:45:10+00:00,Adzuna,https://www.adzuna.in/details/5817919893?utm_medium=api&utm_source=8944a0ae,2026-09-08 06:06:34.345555+00:00,,,,IT Jobs,500,True,False
adzuna_5817917669,Data Analyst,Michelin,"Pune, Maharashtra",,"Job description Data Analyst The e-Retail Digital Marketing Analyst position involves working directly with a dynamic team of e-Retail business analysts based in Lyon, France, as they assist internal business partners in developing e-Retail strategies to achieve Michelin business goals. Tracks, measures, analyzes trends of the e-Retail execution of Michelin tyre products on identified e-Commerce websites, with a focus on defined KPIs Understands e-Retail business requirements and how to map tho…",,2026-07-28 07:44:35+00:00,Adzuna,https://www.adzuna.in/details/5817917669?utm_medium=api&utm_source=8944a0ae,2026-09-08 06:06:03.526508+00:00,,,,IT Jobs,500,True,False
adzuna_5817917698,Senior Data Analyst,Rubrik,"Bangalore, Karnataka",,"Job description What You'll Do Collect, analyze, and interpret legal and compliance data from multiple sources. Develop and maintain dashboards and reports in data visualization tools (e.g., Snowflake, SmartSheets, Tableau, PowerPoint, GSheets). Track and report on compliance initiatives, identifying trends and opportunities for improvement. Collaborate with Legal teams to define key metrics and performance indicators. Present data findings to stakeholders, ensuring actionable insights for stra…",,2026-07-28 07:44:35+00:00,Adzuna,https://www.adzuna.in/details/5817917698?utm_medium=api&utm_source=8944a0ae,2026-09-08 06:06:30.923646+00:00,,,,IT Jobs,500,True,False
adzuna_5814494533,Data Analyst,EXL,"Pune, Maharashtra",,"Description Must-Have: ● 4 / 5 years of professional experience as a Data Analyst with good decision-making, analytical and problem-solving skills. ● SQL, Pyspark, Python with Banking Domain knowledge - Credit & Lending. Working knowledge / experience of Big Data frameworks like Hadoop, Hive and Spark. ● Hands-on experience in query languages like HQL or SQL (Spark SQL) for Data exploration. ● Data mapping: Determine the data mapping required to join multiple data sets together across multiple …",,2026-07-25 03:27:49+00:00,Adzuna,https://www.adzuna.in/details/5814494533?utm_medium=api&utm_source=8944a0ae,2026-09-08 06:05:57.745104+00:00,,,full_time,IT Jobs,500,True,False
adzuna_5814395841,Senior Data Analyst,EXL,"Pune, Maharashtra",,"Description Must-Have: ● 5 years of professional experience as a Data Analyst with good decision-making, analytical and problem-solving skills. ● SQL, Pyspark, Python with Banking Domain knowledge - Credit & Lending. Working knowledge / experience of Big Data frameworks like Hadoop, Hive and Spark. ● Hands-on experience in query languages like HQL or SQL (Spark SQL) for Data exploration. ● Data mapping: Determine the data mapping required to join multiple data sets together across multiple sour…",,2026-07-25 03:13:36+00:00,Adzuna,https://www.adzuna.in/details/5814395841?utm_medium=api&utm_source=8944a0ae,2026-09-08 06:06:30.924482+00:00,,,full_time,IT Jobs,500,True,False
adzuna_5814395318,"Data Analyst, Sr",Health Catalyst,India,,"Join one of the nation’s leading and most impactful health care performance improvement companies. Over the years, Health Catalyst has achieved and documented clinical, operational, and financial improvements for many of the nation’s leading healthcare organizations. We are also increasingly serving international markets. Our mission is to be the catalyst for massive, measurable, data-informed healthcare improvement through: Data: integrate data in a flexible, open & scalable platform to power …",,2026-07-25 03:13:30+00:00,Adzuna,https://www.adzuna.in/details/5814395318?utm_medium=api&utm_source=8944a0ae,2026-09-08 06:06:36.975366+00:00,,,full_time,IT Jobs,500,True,False
adzuna_5812905365,HSW Data Analyst,Arcadis,"Bangalore, Karnataka",,"Description As an Arcadian, you already help us deliver world leading sustainable design, engineering, and consultancy solutions for natural and built assets. You are part of our global business comprising 36,000 people, in over 70 countries, dedicated to improving quality of life. Everyone has an important role to play. With the power of many curious minds, together we can continue to solve the world’s most complex challenges and deliver more impact together. Role description: This role is to …",,2026-07-24 03:34:58+00:00,Adzuna,https://www.adzuna.in/details/5812905365?utm_medium=api&utm_source=8944a0ae,2026-09-08 06:06:36.975953+00:00,,,full_time,IT Jobs,500,True,False
adzuna_5811738096,Data Analyst 1,Capillary Technologies,"Mysore, Karnataka",,"Description We are seeking a motivated Data Analyst 1 to join our team in India. The ideal candidate will have 1-2 years of experience in data analysis, with a strong ability to derive insights and support data-driven decisions. Responsibilities Analyze and interpret complex data sets to identify trends and patterns. Prepare and present reports and visualizations to communicate findings to stakeholders. Collaborate with cross-functional teams to support data-driven decision making. Assist in th…",,2026-07-23 07:25:05+00:00,Adzuna,https://www.adzuna.in/details/5811738096?utm_medium=api&utm_source=8944a0ae,2026-09-08 06:06:25.652036+00:00,,,,IT Jobs,500,True,False
adzuna_5811736900,Data Analyst,Colruyt IT Consultancy India,"Coimbatore, Tamil Nadu",,"Job Summary: We are seeking a highly skilled Senior Data Analyst with8-10 years of experience to join our dynamic team. The ideal candidate will utilize their expertise in data analysis, visualization, and business intelligence to support data-driven decision-making across the organization. You will be responsible for transforming data into actionable insights that drive business strategies and improve operational efficiency. Key Responsibilities: Data Collection & Preparation: - Collect, clean…",,2026-07-23 07:24:16+00:00,Adzuna,https://www.adzuna.in/details/5811736900?utm_medium=api&utm_source=8944a0ae,2026-09-08 06:06:03.526247+00:00,,,,IT Jobs,500,True,False
adzuna_5811736899,Data Analyst,Colruyt IT Consultancy India,"Hyderabad, Telangana",,"Job Summary: We are seeking a highly skilled Senior Data Analyst with8-10 years of experience to join our dynamic team. The ideal candidate will utilize their expertise in data analysis, visualization, and business intelligence to support data-driven decision-making across the organization. You will be responsible for transforming data into actionable insights that drive business strategies and improve operational efficiency. Key Responsibilities: Data Collection & Preparation: - Collect, clean…",,2026-07-23 07:24:16+00:00,Adzuna,https://www.adzuna.in/details/5811736899?utm_medium=api&utm_source=8944a0ae,2026-09-08 06:06:03.526271+00:00,,,,IT Jobs,500,True,False
adzuna_5811668061,Product Data Analyst,Wroots Global Private Limited,"Indore, Madhya Pradesh",,About the role Were hiring a Product Data Analyst to be the analytical backbone of how we build ship and improve our grant management platform Youll partner directly with PMs designers and engineers to turn product usage data into decisions what to build what to kill what to double down on This is a highleverage role your dashboards experiments and analyses will shape roadmap priorities and how thousands of foundations nonprofits and grantmakers experience our product Youll own the full analyti…,,2026-07-23 06:47:39+00:00,Adzuna,https://www.adzuna.in/details/5811668061?utm_medium=api&utm_source=8944a0ae,2026-09-08 06:06:30.924586+00:00,,,,IT Jobs,500,True,False
adzuna_5811393270,Lead Data Analyst,Ameriprise,India,,"About Our Company Ameriprise India LLP has been providing client based financial solutions to help clients plan and achieve their financial objectives for 20 years. We are part of Ameriprise Financial Inc., a US financial planning company headquartered in Minneapolis with a global presence and diversified financial services leader with more than $1.5 trillion in assets under management, administration and advisement as of year-end 2024. The firm’s focus areas include Asset Management and Advice…",,2026-07-23 03:29:04+00:00,Adzuna,https://www.adzuna.in/details/5811393270?utm_medium=api&utm_source=8944a0ae,2026-09-08 06:06:34.345836+00:00,,,full_time,IT Jobs,500,True,False
adzuna_5810418509,Senior Data Analyst,Advanced Energy,"Pune, Maharashtra",,"Senior Data Analyst About Advanced Energy Advanced Energy Industries, Inc. (NASDAQ: AEIS), enables design breakthroughs and drives growth for leading semiconductors and industrial customers. Our precision power and control technologies, along with our applications know-how, inspire close partnerships and innovation in thin-film and industrial manufacturing. We are proud of our rich heritage, award-winning technologies, and we value the talents and contributions of all Advanced Energy's employee…",,2026-07-22 10:44:10+00:00,Adzuna,https://www.adzuna.in/details/5810418509?utm_medium=api&utm_source=8944a0ae,2026-09-08 06:06:28.235740+00:00,,,,IT Jobs,500,True,False
adzuna_5806704489,Employee Data Analyst,Uber,"Gurgaon, Haryana",,"About The Role We are seeking a detail-oriented and proactive Employee Data Analyst to champion the accuracy, integrity, and consistency of employee data-primarily within Oracle HCM. You will play a key role in embedding data quality best practices, resolving data issues, improving HR data processes, and enabling better business decisions through reliable workforce data. What You'll Do Embed data quality standards into all HR processes, ensuring that accurate, consistent, and complete data is m…",,2026-07-19 07:23:49+00:00,Adzuna,https://www.adzuna.in/details/5806704489?utm_medium=api&utm_source=8944a0ae,2026-09-08 06:06:30.923402+00:00,,,,IT Jobs,500,True,False
adzuna_5806701759,Data Analyst,ValueMomentum,"Hyderabad, Telangana",,"Job Summary: We are looking for senior Data Analyst to collect source data, analyze the data and provide business transformations for developer in Mapping sheet, and interprets data to help businesses to make informed decisions. Responsibilities: Should be able to query on data, use statistical techniques, visualization tools, and databases to identify trends and insights. The role involves cleaning data, creating reports, and optimizing data-driven strategies. Strong analytical skills and prof…",,2026-07-19 07:21:31+00:00,Adzuna,https://www.adzuna.in/details/5806701759?utm_medium=api&utm_source=8944a0ae,2026-09-08 06:06:03.526367+00:00,,,,IT Jobs,500,True,False
adzuna_5806699864,Data Analyst Manager,Conneqt Business Solutions Limited,"Bangalore, Karnataka",,"Position: Manager Data Analyst Location: Navi Mumbai Salary : 10Lpa to 14Lpa (Depending upon the round of interview) Work from office General shift PFB the Job Description : Manager/Senior Manager Data Analyst /Data Science BFSI Collections Data Science/ Data analyst should have relevant 4-5 Years of experience in Data Science, preferred industry banking, NBFC and BPO, having experience in R, Python, Power-BI SQL. Interested candidate can apply : [HIDDEN TEXT] Skills: Power Bi, Python Experienc…",,2026-07-19 07:19:46+00:00,Adzuna,https://www.adzuna.in/details/5806699864?utm_medium=api&utm_source=8944a0ae,2026-09-08 06:06:19.742226+00:00,,,,IT Jobs,500,True,False
adzuna_5805315521,Trainee Data Analyst,Game District,India,,"Overview Are you passionate about data, problem-solving, and uncovering meaningful insights? We are looking for highly motivated and analytical individuals to join our Pixls Training Program . This program is designed for fresh graduates and early-career professionals who want to build a successful career in Data Analytics. As a Trainee Data Analyst, you will receive structured training, hands-on experience with real business data, and mentorship from experienced professionals. You'll work alon…",,2026-07-18 03:13:29+00:00,Adzuna,https://www.adzuna.in/details/5805315521?utm_medium=api&utm_source=8944a0ae,2026-09-08 06:06:34.345297+00:00,,,permanent,IT Jobs,500,True,False
adzuna_5804445148,Data Analyst (MDM),Arrow Electronics,"Bangalore, Karnataka",,"Position: Data Analyst (MDM) Job Description: The Data Analyst is responsible for supporting and delivering value to the business through Data & Analytics initiatives. This position will work closely with subject matter experts, data stewards, and analytics teams to understand challenges and opportunities in core business data. It will support accuracy and consistency of data through analysis and maintenance activities. What You'll Be Doing Work with key stakeholders to document and understand…",,2026-07-17 10:43:22+00:00,Adzuna,https://www.adzuna.in/details/5804445148?utm_medium=api&utm_source=8944a0ae,2026-09-08 06:06:25.651435+00:00,,,,IT Jobs,499,True,False
adzuna_5803805785,Data Analyst (MDM),Arrow,India,,"Position: Data Analyst (MDM) Job Description: The Data Analyst is responsible for supporting and delivering value to the business through Data & Analytics initiatives. This position will work closely with subject matter experts, data stewards, and analytics teams to understand challenges and opportunities in core business data. It will support accuracy and consistency of data through analysis and maintenance activities. What You’ll Be Doing Work with key stakeholders to document and understand …",,2026-07-17 03:19:40+00:00,Adzuna,https://www.adzuna.in/details/5803805785?utm_medium=api&utm_source=8944a0ae,2026-09-08 06:06:22.773876+00:00,,,full_time,IT Jobs,500,True,False
adzuna_5802074702,Sr.Data Analyst,HCL Technologies Limited,"Hyderabad, Telangana",,"HCLTech is hiring for Sr.Data analyst Please Note: Immediate joiners only Location: Hitechcity, Hyderabad Mode: Work from office Shifts: Night Shifts Cab Facility: Yes (chargeable) Over 4 yrs of customer service experience, including managing multiple phone lines and handling ticket-related communications in a Command Center environment. Strong computer proficiency, including Data Entry and advanced use of MS Office Suite (Word, Excel, Outlook). Expertise in data visualization and analytics, wi…",,2026-07-16 07:24:00+00:00,Adzuna,https://www.adzuna.in/details/5802074702?utm_medium=api&utm_source=8944a0ae,2026-09-08 06:06:19.742344+00:00,,,,IT Jobs,500,True,False
adzuna_5800765376,Data Analyst,Jetking Technologies Private Limited,"Noida, Ghaziabad",,"Job Description– Data Analyst Qualification: Bachelor's degree in Computer Science, Statistics, Mathematics, or related field Location: Noida sector 127 Experience: • 1–3 years • Proficiency in MS Excel (pivot tables, VLOOKUP, formulas) • Basicknowledge of SQLfor data querying • Familiarity with data visualization tools (Power BI/Tableau)– preferred • Stronganalytical and problem-solving skills • Goodcommunicationskills Roles and Responsibilities: • Collect, clean, and organize data from multip…",,2026-07-15 10:21:31+00:00,Adzuna,https://www.adzuna.in/details/5800765376?utm_medium=api&utm_source=8944a0ae,2026-09-08 06:05:57.744994+00:00,20000.0,25000.0,,IT Jobs,500,True,True
adzuna_5799158393,Data Analyst ||,Diversey,"Hyderabad, Telangana",,"Solenis is a leading global provider of water and hygiene solutions. The company’s product portfolio includes a broad array of water treatment chemistries, process aids, functional additives, cleaners, disinfectants, and state-of-the-art monitoring, control and delivery systems. These technologies are used by customers to improve operational efficiencies, enhance product quality, protect plant assets, minimize environmental impact, and create cleaner and safer environments. Headquartered in Wil…",,2026-07-14 03:23:44+00:00,Adzuna,https://www.adzuna.in/details/5799158393?utm_medium=api&utm_source=8944a0ae,2026-09-08 06:06:06.227637+00:00,,,permanent,Accounting & Finance Jobs,500,True,False
adzuna_5798274842,Data Analyst,TriNet,"Hyderabad, Telangana",,"Description TriNet is a leading provider of comprehensive human resources solutions for small to midsize businesses (SMBs). We enhance business productivity by enabling our clients to outsource their HR function to one strategic partner and allowing them to focus on operating and growing their core businesses. Our full-service HR solutions include features such as payroll processing, human capital consulting, employment law compliance and employee benefits, including health insurance, retiremen…",,2026-07-13 03:26:36+00:00,Adzuna,https://www.adzuna.in/details/5798274842?utm_medium=api&utm_source=8944a0ae,2026-09-08 06:06:06.227714+00:00,,,full_time,Accounting & Finance Jobs,500,True,False
adzuna_5798273575,Business Data Analyst,Capco,India,,"Job Title: Business Data Analyst About Us “Capco, a Wipro company, is a global technology and management consulting firm. Awarded with Consultancy of the year in the British Bank Award and has been ranked Top 100 Best Companies for Women in India 2022 by Avtar & Seramount . With our presence across 32 cities across globe, we support 100 clients across banking, financial and Energy sectors. We are recognized for our deep transformation execution and delivery. WHY JOIN CAPCO? You will work on eng…",,2026-07-13 03:25:28+00:00,Adzuna,https://www.adzuna.in/details/5798273575?utm_medium=api&utm_source=8944a0ae,2026-09-08 06:06:30.924531+00:00,,,,IT Jobs,500,True,False
adzuna_5797363610,Reliability Data Analyst,Pinnacle Reliability India,India,,"We are building a team of trailblazers, who embody growth, impact, and excellence. Job Description As a Reliability Data Analyst, you will execute intermediate to advance level task work for engineering projects across multiple areas of reliability data gathering, organizing, analyzing, and strategizing. Job Duties Solve complex reliability problems using professional judgment to ensure tasks include the appropriate level of assessment, analysis, and evaluation while following best practices an…",,2026-07-12 03:21:23+00:00,Adzuna,https://www.adzuna.in/details/5797363610?utm_medium=api&utm_source=8944a0ae,2026-09-08 06:06:34.345507+00:00,,,full_time,Engineering Jobs,500,True,False
adzuna_5796410882,Data Analyst,Novel Office,"Kolkata, West Bengal",,"Job description Proactively analyse data using statistical methods to answer key questions from stakeholders or out of self-initiated curiosity with an eye for what drives business performance, investigating and communicating areas for improvement in efficiency and productivity Create and maintain rich interactive visualizations through data interpretation and analysis integrating various reporting components from multiple data sources Data mining using advance excel formulas Work closely with …",,2026-07-11 07:19:21+00:00,Adzuna,https://www.adzuna.in/details/5796410882?utm_medium=api&utm_source=8944a0ae,2026-09-08 06:06:00.620713+00:00,,,,IT Jobs,500,True,False
adzuna_5796410881,Data Analyst,Novel Office,"Hyderabad, Telangana",,"Job description Proactively analyse data using statistical methods to answer key questions from stakeholders or out of self-initiated curiosity with an eye for what drives business performance, investigating and communicating areas for improvement in efficiency and productivity Create and maintain rich interactive visualizations through data interpretation and analysis integrating various reporting components from multiple data sources Data mining using advance excel formulas Work closely with …",,2026-07-11 07:19:21+00:00,Adzuna,https://www.adzuna.in/details/5796410881?utm_medium=api&utm_source=8944a0ae,2026-09-08 06:06:00.620738+00:00,,,,IT Jobs,500,True,False
adzuna_5796410883,Data Analyst,Novel Office,"Pune, Maharashtra",,"Job description Proactively analyse data using statistical methods to answer key questions from stakeholders or out of self-initiated curiosity with an eye for what drives business performance, investigating and communicating areas for improvement in efficiency and productivity Create and maintain rich interactive visualizations through data interpretation and analysis integrating various reporting components from multiple data sources Data mining using advance excel formulas Work closely with …",,2026-07-11 07:19:21+00:00,Adzuna,https://www.adzuna.in/details/5796410883?utm_medium=api&utm_source=8944a0ae,2026-09-08 06:06:00.620765+00:00,,,,IT Jobs,500,True,False
adzuna_5796410880,Data Analyst,Novel Office,"Bangalore, Karnataka",,"Job description Proactively analyse data using statistical methods to answer key questions from stakeholders or out of self-initiated curiosity with an eye for what drives business performance, investigating and communicating areas for improvement in efficiency and productivity Create and maintain rich interactive visualizations through data interpretation and analysis integrating various reporting components from multiple data sources Data mining using advance excel formulas Work closely with …",,2026-07-11 07:19:21+00:00,Adzuna,https://www.adzuna.in/details/5796410880?utm_medium=api&utm_source=8944a0ae,2026-09-08 06:06:00.620792+00:00,,,,IT Jobs,500,True,False
adzuna_5796209691,Business Data Analyst,EXL,India,,"Description Role : Business Data Analyst Location – Gurugram Exp : 3-6 Years Must-Have: 3-6 years of work experience in large-scale Data applications doing Data Analysis, Data Mapping, and Data Transformations. - Experience in Snowflake, Any relational DB , BRD creation, requirements gathering - Very good Verbal & Written communication & tracking skills - SQL, business requirement gatherings, Source-to-target mappings (STTM) writing - Should have exposure to data consolidation, transformation, …",,2026-07-11 03:39:30+00:00,Adzuna,https://www.adzuna.in/details/5796209691?utm_medium=api&utm_source=8944a0ae,2026-09-08 06:06:28.235974+00:00,,,full_time,IT Jobs,500,True,False
adzuna_5793185846,Data Analyst,Headout,"Bangalore, Karnataka",,"Why Headout? We’re a rocketship: 9-figure revenue, record growth, and profitable With $200M in revenue, guests in 700 cities, and 18 months of profitability, Headout is the fastest-growing marketplace in the travel industry, and we’re just getting started. We've raised $60M from top-tier investors and are building a durable company for the long term — because that's what our mission needs and deserves. We’re growing, profitable and nowhere near done. What we do is important In an increasingly …",,2026-07-09 03:05:53+00:00,Adzuna,https://www.adzuna.in/details/5793185846?utm_medium=api&utm_source=8944a0ae,2026-09-08 06:06:06.227911+00:00,,,,IT Jobs,499,True,False
adzuna_5790433770,Data Analyst Intern,Innovexis,"Bangalore, Karnataka",,"Description Innovexis is looking for a motivated Data Analyst Intern to join our team in Bengaluru. This internship offers a unique opportunity to gain hands-on experience in the Education Management industry while working remotely. As a Data Analyst Intern, you will contribute to key projects that support data-driven decision-making processes within our organization. In this role, you will work closely with experienced analysts to analyze and interpret data sets, assisting in the development o…",,2026-07-07 06:25:08+00:00,Adzuna,https://www.adzuna.in/details/5790433770?utm_medium=api&utm_source=8944a0ae,2026-09-08 06:06:22.773127+00:00,,,contract,IT Jobs,500,True,False
adzuna_5789394746,Data Analyst,ZEISS,"Bangalore, Karnataka",,"ZEISS in India ZEISS in India is headquartered in Bengaluru and present in the fields of Industrial Quality Solutions, Research Microscopy Solutions, Medical Technology, Vision Care and Sports & Cine Optics. ZEISS India has 3 production facilities, R&D center, Global IT services and about 40 Sales & Service offices in almost all Tier I and Tier II cities in India. With 2200 employees and continued investments over 25 years in India, ZEISS’ success story in India is continuing at a rapid pace. F…",,2026-07-06 03:28:04+00:00,Adzuna,https://www.adzuna.in/details/5789394746?utm_medium=api&utm_source=8944a0ae,2026-09-08 06:06:00.620821+00:00,,,full_time,IT Jobs,500,True,False
adzuna_5787185965,Data Analyst,EXL,India,,"Description In this position, the candidate will be responsible for building and maintaining BI and analytics solutions that transform data into actionable insights through interactive and easy-to-understand dashboards and reports. The role requires a strong background in data analysis, digital marketing analytics, and business intelligence, along with excellent analytical and communication skills. The selected candidate will work in a client-facing capacity, supporting end-to-end BI developmen…",,2026-07-04 02:29:39+00:00,Adzuna,https://www.adzuna.in/details/5787185965?utm_medium=api&utm_source=8944a0ae,2026-09-08 06:06:14.441075+00:00,,,full_time,IT Jobs,500,True,False
adzuna_5784971948,Advanced Data Analyst,Honeywell,India,,"Job Title: Advanced Data Analyst Role Purpose: The Advanced Data Analyst is responsible for delivering high-quality analytics solutions that enable data-driven decision-making across the organization. This role combines technical expertise, business understanding, and stakeholder collaboration to design, develop, and support dashboards, reports, and data models. The role acts as a trusted analytics partner, ensuring solutions are aligned with business objectives, governed by strong data quality…",,2026-07-02 10:31:44+00:00,Adzuna,https://www.adzuna.in/details/5784971948?utm_medium=api&utm_source=8944a0ae,2026-09-08 06:06:25.651113+00:00,,,,IT Jobs,500,True,False
adzuna_5784971932,Advanced Data Analyst,Honeywell,"Bangalore, Karnataka",,"Job Title: Advanced Data Analyst Role Purpose: The Advanced Data Analyst is responsible for delivering high-quality analytics solutions that enable data-driven decision-making across the organization. This role combines technical expertise, business understanding, and stakeholder collaboration to design, develop, and support dashboards, reports, and data models. The role acts as a trusted analytics partner, ensuring solutions are aligned with business objectives, governed by strong data quality…",,2026-07-02 10:31:44+00:00,Adzuna,https://www.adzuna.in/details/5784971932?utm_medium=api&utm_source=8944a0ae,2026-09-08 06:06:25.651053+00:00,,,,IT Jobs,500,True,False
adzuna_5784342169,Advanced Data Analyst,Honeywell,India,,"Description Job Title: Advanced Data Analyst Role Purpose: The Advanced Data Analyst is responsible for delivering high-quality analytics solutions that enable data-driven decision-making across the organization. This role combines technical expertise, business understanding, and stakeholder collaboration to design, develop, and support dashboards, reports, and data models. The role acts as a trusted analytics partner, ensuring solutions are aligned with business objectives, governed by strong …",,2026-07-02 02:48:46+00:00,Adzuna,https://www.adzuna.in/details/5784342169?utm_medium=api&utm_source=8944a0ae,2026-09-08 06:06:22.773571+00:00,,,full_time,IT Jobs,500,True,False
adzuna_5782538634,Data Analyst,Hitachi,India,,"Location: Maneja, Gujarat, India Job ID: R0123378 Date Posted: 2026-06-29 Company Name: HITACHI ENERGY TECHNOLOGY SERVICES PRIVATE LIMITED Profession (Job Category): Engineering & Science Job Schedule: Full time Remote: No Job Description: The opportunity The successful candidate will be part of an international Digital Engineering and Design team, supporting in create Business report using Power BI, SQL, SAP a t the Global Engineering Center in Vadodara, India, you’ll be part of a dynamic team…",,2026-07-01 02:46:06+00:00,Adzuna,https://www.adzuna.in/details/5782538634?utm_medium=api&utm_source=8944a0ae,2026-09-08 06:06:14.440309+00:00,,,full_time,"Energy, Oil & Gas Jobs",500,True,False
adzuna_5781956391,Data Analyst,Credeau,"Maharashtra, India",,"Job Description — Beginner Data Analyst Job Title Junior Data Analyst / Data Analyst Intern Location Mumbai / Remote / Hybrid Profile 1: Data Scientist Role Work on ML models, analytics, NLP, and data-driven products across financial services and compliance domains. Responsibilities Build and evaluate ML models Analyze data using SQL & Python Perform data cleaning, preprocessing, and feature engineering Work on NLP/LLM use cases Collaborate with product & engineering teams Skills Python, SQL, s…",,2026-06-30 14:52:26+00:00,Adzuna,https://www.adzuna.in/details/5781956391?utm_medium=api&utm_source=8944a0ae,2026-09-08 06:05:53.308047+00:00,,,,IT Jobs,500,True,False
adzuna_5781956186,Data Analyst,Sole Point,"Gujarat, India",,"Data Analyst We are seeking a motivated and detail-oriented Data Analyst to join our growing team. The ideal candidate will have a passion for uncovering insights from data and translating them into actionable recommendations. You will be responsible for collecting, cleaning, analyzing, and visualizing data to support business decisions. Responsibilities: Collect and interpret data from various sources. Develop and implement data collection systems and strategies that optimize efficiency and da…",,2026-06-30 14:52:24+00:00,Adzuna,https://www.adzuna.in/details/5781956186?utm_medium=api&utm_source=8944a0ae,2026-09-08 06:05:53.307993+00:00,,,,IT Jobs,500,True,False
adzuna_5781956227,Senior Data Analyst,Dignity Aspire,"Uttar Pradesh, India",,"Senior Data Analyst This position goes beyond traditional data/process mining. The ideal candidate acts as a Business Process Consultant and Data Engineer, who will lead the PR-to-PO conversion workstream and manage the enterprise Celonis platform from both business and technical perspectives. Must Have Skills: Celonis PAMs SAP Action Flows Snowflake PQL Ariba SQL Qualifications Must Have: 8 years of experience in data analytics, data engineering, or business intelligence — preferably in procur…",,2026-06-30 14:52:24+00:00,Adzuna,https://www.adzuna.in/details/5781956227?utm_medium=api&utm_source=8944a0ae,2026-09-08 06:06:28.235598+00:00,,,,IT Jobs,500,True,False
adzuna_5780531648,Data Analyst,Tribute Technology,"Hyderabad, Telangana",,"ABOUT TRIBUTE TECHNOLOGY: At Tribute Technology, we make end-of-life celebrations memorable, meaningful, and effortless through thoughtful and innovative technology solutions. Our mission is to help communities around the world celebrate life and pay tribute to those we love. Our comprehensive platform brings together software and technology to provide a fully integrated experience for all users, whether that is a family, a funeral home, or an online publisher. We are the market leader in the U…",,2026-06-29 02:40:35+00:00,Adzuna,https://www.adzuna.in/details/5780531648?utm_medium=api&utm_source=8944a0ae,2026-09-08 06:06:14.440980+00:00,,,full_time,IT Jobs,500,True,False
adzuna_5778444152,Data Analyst,Tribute Technology,"Hussainialam, Hyderabad",,"ABOUT TRIBUTE TECHNOLOGY: At Tribute Technology, we make end-of-life celebrations memorable, meaningful, and effortless through thoughtful and innovative technology solutions. Our mission is to help communities around the world celebrate life and pay tribute to those we love. Our comprehensive platform brings together software and technology to provide a fully integrated experience for all users, whether that is a family, a funeral home, or an online publisher. We are the market leader in the U…",,2026-06-27 07:29:56+00:00,Adzuna,https://www.adzuna.in/details/5778444152?utm_medium=api&utm_source=8944a0ae,2026-09-08 06:06:11.882493+00:00,,,full_time,IT Jobs,500,True,False
adzuna_5775399105,Senior Data Analyst,EXL,"Bangalore, Karnataka",,"Description Title : Senior Data Analyst Location: Bangalore Analyze large and complex datasets using SQL to extract actionable insights Develop and maintain interactive dashboards using Power BI/Tableau for business reporting Translate business requirements into data-driven solutions and recommendations Apply strong problem-solving skills to identify trends, gaps, and opportunities Work closely with stakeholders to support strategic decision-making Ensure data accuracy, quality, and consistency…",,2026-06-25 02:41:56+00:00,Adzuna,https://www.adzuna.in/details/5775399105?utm_medium=api&utm_source=8944a0ae,2026-09-08 06:06:25.651478+00:00,,,full_time,IT Jobs,500,True,False
adzuna_5769822950,Sr. Data Analyst,Simform,"Ahmedabad, Gujarat",,"Job Description Job Title: Sr. Data Analyst Experience: 5 to 8 Years Location: Ahmedabad/Remote Job Type: Full Time Department: Data Engineering About Simform: Simform is a premier digital engineering company specializing in Cloud, Data, AI/ML, and Experience Engineering to create seamless digital experiences and scalable products. Simform is a strong partner for Microsoft, AWS, Google Cloud, and Databricks. With a presence in 5 countries, Simform primarily serves North America, the UK, and the…",,2026-06-20 03:27:28+00:00,Adzuna,https://www.adzuna.in/details/5769822950?utm_medium=api&utm_source=8944a0ae,2026-09-08 06:06:28.235502+00:00,,,full_time,IT Jobs,500,True,False
adzuna_5768623778,Data Analyst,Ecolab,India,,"Job Characteristics: Demonstrates use and application of data analysis principles to examine data systems and determine relationships and meaning of data, as it relates to business and system technical processes, and document accordingly. The employee should demonstrate mastering of skills in at least two of the following data analysis areas: SQL language usage, data governance and security practices, ELT/ETL strategy, quality-of-data evaluation and assessment, and data requirements generation …",,2026-06-19 02:45:54+00:00,Adzuna,https://www.adzuna.in/details/5768623778?utm_medium=api&utm_source=8944a0ae,2026-09-08 06:05:57.745208+00:00,,,full_time,IT Jobs,500,True,False
adzuna_5762286343,Data Analyst,Wissen Technology,"Bangalore, Karnataka",,"Experience: 2 Years Mandatory Skills: Data Analysis, Data Mining, Data Validation, Python, SQL, Power BI, Advanced Excel Data Analyst We are looking for 1 Developer/Analyst to support data analysis, data mapping, and report automation initiatives. This is an entry-level role with structured training, ideal for candidates who are detail-oriented, proactive, and capable of working independently in a fast-paced environment. Key Responsibilities Perform data analysis and data validation across vari…",,2026-06-13 13:33:59+00:00,Adzuna,https://www.adzuna.in/details/5762286343?utm_medium=api&utm_source=8944a0ae,2026-09-08 06:06:00.620520+00:00,,,contract,IT Jobs,500,True,False
adzuna_5761791107,Data Analyst Trainee,Lead India,"Bangalore, Karnataka",,"Job Description: Data Analyst Lead India is looking for dynamic data analysts who has passion for data and a relentless focus on execution and delivery. The candidate is expected to come up with insightful data presentation to make informed decisions. As a data analyst your roles and responsibilities will be as follows: Experience: 0-1 years Technical Skills: Strong Work experience on Azure (App Insights, Stream analytics, Data Factory, Data warehouse, Azure Storage accounts, Blobs) Strong anal…",,2026-06-13 02:35:26+00:00,Adzuna,https://www.adzuna.in/details/5761791107?utm_medium=api&utm_source=8944a0ae,2026-09-08 06:06:19.742297+00:00,,,full_time,IT Jobs,500,True,False
adzuna_5759267308,Data Analyst,Rentomojo,"Bangalore, Karnataka",,"About the Role Data Analyst 2 to 5 years Full Time We are hiring a sharp, analytically rigorous Data Analyst who thrives at the intersection of data engineering, automation, and business storytelling. This is not a pure reporting role. You will architect automated data pipelines, build scalable reporting workflows, and bring a growth marketing mindset to every analysis. If you love turning messy data into clear decisions, this is your seat. Key Responsibilities SQL and Data Infrastructure Desig…",,2026-06-11 06:21:45+00:00,Adzuna,https://www.adzuna.in/details/5759267308?utm_medium=api&utm_source=8944a0ae,2026-09-08 06:05:51.064920+00:00,600000.0,900000.0,permanent,IT Jobs,500,True,True
adzuna_5759082224,Senior Data Analyst,Okta,"Bangalore, Karnataka",,"Secure Every Identity, from AI to Human Identity is the key to unlocking the potential of AI. Okta secures AI by building the trusted, neutral infrastructure that enables organizations to safely embrace this new era. This work requires a relentless drive to solve complex challenges with real-world stakes. We are looking for builders and owners who operate with speed and urgency and execute with excellence. This is an opportunity to do career-defining work. We're all in on this mission. If you a…",,2026-06-11 02:41:59+00:00,Adzuna,https://www.adzuna.in/details/5759082224?utm_medium=api&utm_source=8944a0ae,2026-09-08 06:06:28.235454+00:00,,,,IT Jobs,500,True,False
adzuna_5759043518,Senior Data Analyst,EXL,"Bangalore, Karnataka",,"Description Title : Senior Data Analyst Location : Bangalore Write and optimize complex SQL queries for data extraction, transformation, and analysis Design and develop interactive dashboards and reports using Power BI / Tableau Perform data analysis to identify trends, patterns, and actionable insights Work with stakeholders to gather requirements and translate them into analytical solutions Ensure data accuracy, consistency, and performance optimization Automate reporting processes and improv…",,2026-06-11 02:35:35+00:00,Adzuna,https://www.adzuna.in/details/5759043518?utm_medium=api&utm_source=8944a0ae,2026-09-08 06:06:22.774076+00:00,,,full_time,IT Jobs,500,True,False
adzuna_5755736751,Senior Data Analyst,Zeta Global,"Hyderabad, Telangana",,"Senior Data Analyst Location: Hyderabad, India (WFO) Reporting / Hours: 6:00 PM to 2:00 AM IST, as the candidate will need to collaborate closely with stakeholders in the US time zone. Primary Job Responsibilities: Zeta is looking for an exceptional Senior Business Analyst, Marketing Effectiveness to join our team in Hyderabad, India. This role is ideal for a business-minded analytics professional who can connect marketing strategy, measurement, and performance insights to practical business de…",,2026-06-08 02:34:31+00:00,Adzuna,https://www.adzuna.in/details/5755736751?utm_medium=api&utm_source=8944a0ae,2026-09-08 06:06:36.975450+00:00,,,,IT Jobs,500,True,False
adzuna_5753572949,Data Analyst II,FedEx,India,,"What can you expect as a FedEx team member? Career Mobility and Development : When you join FedEx, you’re joining a team with possibilities that literally span the world—from opportunities for advancement and location transfer, to training and leadership programs. Total Compensation and Benefits Package : We want to keep our employees for a long time, so we offer competitive benefits, opportunities for flexible work arrangements, and programs to support well-being. Equal Opportunities Our great…",,2026-06-06 02:22:51+00:00,Adzuna,https://www.adzuna.in/details/5753572949?utm_medium=api&utm_source=8944a0ae,2026-09-08 06:06:36.975804+00:00,,,contract,IT Jobs,500,True,False
adzuna_5744868780,Data Analyst,Amicus India,"Bangalore, Karnataka",,"Data Analyst Location: Remote/Bangalore Amicus Therapeutics is a global, patient-dedicated biotechnology company focused on discovering, developing, and delivering high-quality medicines for people living with rare metabolic diseases. Position Summary Data analyst responsibilities include conducting full lifecycle analysis to include requirements, activities and design. Data analysts will develop analysis and reporting capabilities. They will also monitor performance and quality control plans t…",,2026-05-30 02:27:15+00:00,Adzuna,https://www.adzuna.in/details/5744868780?utm_medium=api&utm_source=8944a0ae,2026-09-08 06:05:53.307822+00:00,,,full_time,IT Jobs,500,True,False
adzuna_5741536696,Data Analyst,RECEX,"Vasai, Thane",,"Job Description: *]:pointer-events-auto R6Vx5W_threadScrollVars scroll-mb-[calc(var(scroll-root-safe-area-inset-bottom,0px)var(thread-response-height))] scroll-mt-[calc(var(header-height)min(200px,max(70px,20svh)))]"" data-scroll-anchor=""false"" data-testid=""conversation-turn-2"" data-turn=""assistant"" data-turn-id=""request-WEB:a09f2817-6254-4ccc-9fb6-39e39dbcb8e3-0"" data-turn-id-container=""request-WEB:a09f2817-6254-4ccc-9fb6-39e39dbcb8e3-0"" dir=""auto""> Job Description – Data Analyst Position: Data…",,2026-05-27 02:25:11+00:00,Adzuna,https://www.adzuna.in/details/5741536696?utm_medium=api&utm_source=8944a0ae,2026-09-08 06:05:53.308099+00:00,300000.0,500000.0,full_time,IT Jobs,500,True,True
adzuna_5735463452,Data Analyst,Digital Twin,"Pune, Maharashtra",,"Job Summary - Data Analyst We are looking to hire a data analyst to join our enterprise customer solutions team. As a Data Analyst, one will take responsibility for developing reports, and troubleshooting data issues. To do well in this role you need attention to detail, past experience as a data analyst, and a deep understanding of the popular data analysis tools and databases. Data Analyst Responsibilities: ● Commissioning and decommissioning of data sets. ● Processing confidential data and i…",,2026-05-21 02:12:34+00:00,Adzuna,https://www.adzuna.in/details/5735463452?utm_medium=api&utm_source=8944a0ae,2026-09-08 06:05:51.065155+00:00,,,,IT Jobs,500,True,False
adzuna_5734913126,Sr Data Analyst,Hunarstreet Technologies Pvt Ltd,"Gujarat, India",,"Job Title: Senior Data Analyst Location: Sharnam Metrolinks, Amraiwadi, Ahmedabad Working Days: 6 Days a Week Department: MDO Reporting To: COO Employment Type: Full-Time Job Summary We are seeking a highly analytical and detail-oriented Senior Data Analyst to lead data management, reporting, automation, and system development initiatives across the organization. The role focuses on transforming raw data into meaningful insights, designing and implementing automated systems, strengthening data …",,2026-05-20 12:46:00+00:00,Adzuna,https://www.adzuna.in/details/5734913126?utm_medium=api&utm_source=8944a0ae,2026-09-08 06:06:28.235881+00:00,500000.0,600000.0,full_time,IT Jobs,500,True,True
adzuna_5732584180,Data Analyst,Acura Solution,India,,"Job Description: Principal Accountabilities and Responsibilities  The candidate is expected to perform basic data ETL (Extract-Transform-Load) tasks – starting with extraction of data from the source systems, cleaning it, handling exceptions and finally prepare them to feed into various systems/tools depending on the projects/PODs/delivery channels.  Testing and validation of data models/data tables/data assets  The role also requires the person to understand the data thoroughly and draw bus…",,2026-05-18 02:08:37+00:00,Adzuna,https://www.adzuna.in/details/5732584180?utm_medium=api&utm_source=8944a0ae,2026-09-08 06:06:06.227870+00:00,,,full_time,IT Jobs,500,True,False
adzuna_5729677452,Hiring for Data Analyst,RECEX,"Pune, Maharashtra",,"Job Description: We’re seeking a seasoned Data Analyst to manage the accuracy, structure, and integrity of the Management Library dataset. You’ll oversee data consistency across companies, executives, and industries. The role requires both strategic thinking and hands-on data management— perfect for someone who enjoys ensuring structured precision in complex, high-volume datasets. You’ll collaborate across engineering, and operation teams to ensure every profile, transcript, and company in our …",,2026-05-15 02:13:52+00:00,Adzuna,https://www.adzuna.in/details/5729677452?utm_medium=api&utm_source=8944a0ae,2026-09-08 06:06:30.923741+00:00,100000.0,600000.0,full_time,IT Jobs,500,True,True
adzuna_5728459031,Data Analyst - Business,Plum Benefits,"Bangalore, Karnataka",,"About the Role We’re looking for a detail-oriented, curious Business Analyst with 1–2 years of experience to join the Program Management team. This role is suited for someone who enjoys working with data, improving processes, and collaborating with different teams to solve operational challenges. You’ll work closely with Account Managers, Sales, Product, and Customer Success teams to help track performance, maintain reliable data, and identify opportunities to make workflows more efficient. The…",,2026-05-14 02:28:47+00:00,Adzuna,https://www.adzuna.in/details/5728459031?utm_medium=api&utm_source=8944a0ae,2026-09-08 06:06:30.923195+00:00,,,full_time,IT Jobs,500,True,False
adzuna_5728445327,Data Analyst,RECEX,"Delhi, India",,"Job Description: We are seeking a skilled Data Analyst with expertise in Power BI to design and maintain interactive dashboards, analyze complex datasets, and deliver actionable insights. The ideal candidate will have experience in data visualization, report creation, and performance analysis. Strong proficiency in Power BI, SQL, and Excel is essential. The role requires excellent problem-solving abilities, attention to detail, and effective communication to present data findings to stakeholder…",,2026-05-14 02:27:43+00:00,Adzuna,https://www.adzuna.in/details/5728445327?utm_medium=api&utm_source=8944a0ae,2026-09-08 06:05:57.744873+00:00,400000.0,480000.0,full_time,IT Jobs,500,True,True
adzuna_5728436260,Data analyst,RECEX,"Kolkata, West Bengal",,"Job Description: Job Title: Data Analyst Job Description: We are looking for a skilled Data Analyst to collect, analyze, and interpret large datasets to help drive business decisions. The ideal candidate will have strong analytical skills, attention to detail, and experience with data visualization tools. Key Responsibilities: Analyze data to identify trends and insights. Create dashboards and reports for internal stakeholders. Collaborate with teams to understand data needs. Ensure data accura…",,2026-05-14 02:27:02+00:00,Adzuna,https://www.adzuna.in/details/5728436260?utm_medium=api&utm_source=8944a0ae,2026-09-08 06:05:53.307941+00:00,2880000.0,3600000.0,full_time,IT Jobs,500,True,True
adzuna_5728422548,Data Analyst,MM Staffing & Career Consultants,"Mumbai, Maharashtra",,"Job Description: Key Responsibilities: -  Design, develop, and maintain daily/weekly/monthly MIS reports and dashboards using Excel and Tableau.  Automate reporting processes using advanced Excel functions (Power Query, Pivot Tables, Macros/VBA).  Create interactive Tableau dashboards to visualize KPIs and business metrics.     Collaborate with cross-functional teams to gather reporting requirements and deliver customized solutions. Ensure data accuracy, integrity, and consistency across…",,2026-05-14 02:26:01+00:00,Adzuna,https://www.adzuna.in/details/5728422548?utm_medium=api&utm_source=8944a0ae,2026-09-08 06:06:17.010252+00:00,,,full_time,IT Jobs,500,True,False
adzuna_5728267279,Data Analyst,Mantras2Success,"Ahmedabad, Gujarat",,"Job Description: Position Summary: We are seeking a meticulous and skilled MIS/data analyst to join our team. The ideal candidate will be proficient in advanced Excel and Google Sheets, adept at using complex formulas, and capable of transferring data from CRM software such as Skynamo, Freshsales, and Xero into Google Sheets. The role involves creating insightful dashboards and revenue models to support data-driven decision-making. Key Responsibilities: Data Management: Transfer and manage data…",,2026-05-14 02:05:21+00:00,Adzuna,https://www.adzuna.in/details/5728267279?utm_medium=api&utm_source=8944a0ae,2026-09-08 06:06:03.526437+00:00,500000.0,700000.0,full_time,IT Jobs,500,True,True
adzuna_5727816928,Statistician/Data Analyst,Two95 International Inc.,India,,"Location: Karnataka Experience: 5 Years Qualification: Bachelor’s / Master’s Degree in Statistics Job Summary: We are seeking an experienced Statistician / Data Analyst to support survey analysis, statistical modeling, and data-driven planning activities for Master Plan / Urban Development projects. The candidate should possess strong analytical skills and experience in handling large datasets, statistical tools, and reporting. Kannada language proficiency is mandatory. Key Responsibilities: Pe…",,2026-05-13 12:52:17+00:00,Adzuna,https://www.adzuna.in/details/5727816928?utm_medium=api&utm_source=8944a0ae,2026-09-08 06:06:19.742003+00:00,,,contract,IT Jobs,500,True,False
adzuna_5727281348,Data Analyst - Surat,Mspire Ventures,"Vadodara, Gujarat",,"Job Description: Job Title: Data Analyst Location: Surat Salary: upto 25k CTC Key Responsibilities:  Collect, validate, and follow up on data related to client-side and operations activities.  Review and verify client invoices to ensure accuracy and completeness.  Prepare and maintain riders’ payout and summary reports on a regular basis.  Present accurate data insights and reports to management as required.  Collaborate with cross-functional teams to ensure data accuracy and timely submis…",,2026-05-13 02:19:05+00:00,Adzuna,https://www.adzuna.in/details/5727281348?utm_medium=api&utm_source=8944a0ae,2026-09-08 06:06:25.651303+00:00,1200000.0,3600000.0,full_time,IT Jobs,500,True,True
adzuna_5727264729,Data Analyst,Acura Solution,"Mumbai, Maharashtra",,"Job Description: 2-3 years of experience in Data Analysis, preferably in the aviation industry.  Proficient in data analysis tools such as SQL, Python, or SAS.  Experience with data visualization tools (Tableau, Power BI, etc.).  Strong analytical and problem-solving skills. Key Responsibilities 1 Gather, clean, and preprocess data from various sources at Agos Aviation, ensuring data accuracy, completeness, and integrity for analysis. 2 Apply statistical and analytical techniques to derive m…",,2026-05-13 02:15:44+00:00,Adzuna,https://www.adzuna.in/details/5727264729?utm_medium=api&utm_source=8944a0ae,2026-09-08 06:06:14.440558+00:00,,,full_time,IT Jobs,500,True,False
adzuna_5727252233,Business and Data Analyst,Acura Solution,"Kanpur, Kanpur Dehat",,"Job Description: The Business and Data Analyst is required to work closely with business stakeholders, project managers and users converting business requirements into technology solutions, overseeing their documentation and deployment, create intelligent designs for reports and dashboard based on analysis of data. The responsibilities include: • Elicits, analyses, specifies, and validates the business needs of stakeholders, (Customers and/or end users). • Collaborates with project sponsors to …",,2026-05-13 02:14:33+00:00,Adzuna,https://www.adzuna.in/details/5727252233?utm_medium=api&utm_source=8944a0ae,2026-09-08 06:06:34.345353+00:00,,,full_time,IT Jobs,500,True,False
adzuna_5727195252,Data Analyst,Mancraft Consulting,"Noida, Ghaziabad",,"Job Description: Primary Role Description: - The incumbent will be a part of the advanced descriptive and predictive analytics sub-function to work on analysis/reports/dashboards related to superior risk selection, risk assessment and risk management. To help data evidence-based decision-making for the business to enable better understanding and management of the health risks. The role requires a good understanding of Health Insurance domain in India and various drivers of profitability. Respon…",,2026-05-13 02:09:30+00:00,Adzuna,https://www.adzuna.in/details/5727195252?utm_medium=api&utm_source=8944a0ae,2026-09-08 06:06:14.441122+00:00,600000.0,850000.0,full_time,Accounting & Finance Jobs,500,True,True
adzuna_5727163751,Data Analyst,MM Staffing & Career Consultants,"Mumbai, Maharashtra",,"Job Description: Position : Data Analyst Location : Mumbai Experience requirement : 2-4Years Joining Date : Immediate to 30 days Job Description Responsibilities: · Utilize SQL, Alteryx, and Tableau/Power BI to extract, transform, and visualize data for analytical purposes. · Demonstrate intermediate-level proficiency in at least one of the major visualization tools (Tableau/Power BI). · Apply working knowledge of Apache Hive, Apache Spark, Impala, Presto, and Snowflake for data processing and …",,2026-05-13 02:06:29+00:00,Adzuna,https://www.adzuna.in/details/5727163751?utm_medium=api&utm_source=8944a0ae,2026-09-08 06:06:03.526091+00:00,100000.0,600000.0,full_time,IT Jobs,500,True,True
adzuna_5727143467,Data Analyst,Mantras2Success,"Ahmedabad, Gujarat",,"Job Description: Role Overview: We are looking for a detail-oriented Data Analyst who can convert complex data into meaningful insights that help drive business decisions. The ideal candidate should have strong expertise in SQL, Python, and data visualisation tools and experience working with large datasets. Key Responsibilities: Collect, clean, and analyse large datasets to identify trends and patterns. Write complex SQL and MongoDB queries to extract and manipulate data. Build dashboards and …",,2026-05-13 02:04:45+00:00,Adzuna,https://www.adzuna.in/details/5727143467?utm_medium=api&utm_source=8944a0ae,2026-09-08 06:05:55.548638+00:00,500000.0,900000.0,full_time,IT Jobs,500,True,True
adzuna_5727098377,Data Analyst,Navrang HR Solutions,"Surat, Gujarat",,"Job Description: Key Responsibilities  Assist in extracting, cleaning, and analyzing datasets using SQL and Python.  Develop and maintain dashboards and reports using Power BI, Looker Studio, or other BI tools.  Support the team in data validation, quality checks, and troubleshooting.  Collaborate with senior data analysts and business teams to understand requirements and deliver insights.  Perform exploratory data analysis (EDA) to identify trends, patterns, and anomalies.  Automate recu…",,2026-05-13 01:59:29+00:00,Adzuna,https://www.adzuna.in/details/5727098377?utm_medium=api&utm_source=8944a0ae,2026-09-08 06:05:53.308156+00:00,2880000.0,3600000.0,full_time,IT Jobs,500,True,True
adzuna_5725371745,ERP Data Analyst,Greif,India,,"Greif is a global leader in performance packaging located in 40 countries. The company delivers trusted, innovative, and tailored solutions that support some of the world's most in demand and fastest-growing industries. With a commitment to legendary customer service, operational excellence, and global sustainability, Greif packages life's essentials - and creates lasting value for its colleagues, customers, and other stakeholders. Learn more about the company's Customized Polymer , Sustainable…",,2026-05-11 02:23:40+00:00,Adzuna,https://www.adzuna.in/details/5725371745?utm_medium=api&utm_source=8944a0ae,2026-09-08 06:06:34.346164+00:00,,,full_time,IT Jobs,500,True,False
adzuna_5721222212,Senior Data Analyst,TJX India,"Hyderabad, Telangana",,"Job Description: Data Insights & Analysis: Collaborate with the analytics team to extract actionable insights from TJX's expansive data sources, addressing strategic inquiries. Communicate findings effectively to business partners, facilitating understanding and meaningful data-driven decision-sharing. Support ad-hoc analysis, custom reporting, and special projects for business partners, including industry benchmarking. Support the data Analytics managers with data cleansing and preparation. Su…",,2026-05-07 09:55:11+00:00,Adzuna,https://www.adzuna.in/details/5721222212?utm_medium=api&utm_source=8944a0ae,2026-09-08 06:06:30.923694+00:00,,,,Accounting & Finance Jobs,500,True,False
adzuna_5715478790,Data Analyst,Tap Invest,"Bangalore, Karnataka",,"As an Analyst at Tap Invest, you’ll turn data into decisions. You’ll work with teams across Product, Ops, Marketing, and Sales to uncover insights, solve real business problems, and drive strategy. This role is for someone who is comfortable working with data independently and can support business teams with reliable analysis and reporting. Key Responsibilities ● Gather, organize, and clean data from various sources including databases, spreadsheets, and external sources to ensure accuracy and …",,2026-05-01 11:45:52+00:00,Adzuna,https://www.adzuna.in/details/5715478790?utm_medium=api&utm_source=8944a0ae,2026-09-08 06:06:11.882443+00:00,300000.0,500000.0,full_time,IT Jobs,500,True,True
adzuna_5710608933,Senior Data Analyst,Flexera Software,"Bangalore, Karnataka",,"Revenera helps product executives build better products, accelerate time to value and monetize what matters. Revenera’s leading solutions help software and technology companies drive top line revenue with modern software monetization, understand usage and compliance with software usage analytics, empower the use of open source with software composition analysis and deliver an excellent user experience—for embedded, on premises, cloud, and SaaS products. We are seeking a Senior Data Analyst to j…",,2026-04-26 02:17:51+00:00,Adzuna,https://www.adzuna.in/details/5710608933?utm_medium=api&utm_source=8944a0ae,2026-09-08 06:06:34.345690+00:00,,,full_time,IT Jobs,500,True,False
adzuna_5710497456,Senior Data Analyst,Hevo Data,"Bangalore, Karnataka",,"About Hevo: Hevo ( www.hevodata.com ) is a simple, intuitive, and powerful No-code Data Pipeline platform that enables companies to consolidate data from multiple software for faster analytics. Hevo powers data analytics for 2000 data-driven companies across multiple industry verticals, including Cult.fit, Postman, ThoughtSpot, Jawa Motorcycles. By automating complex data integration tasks, Hevo allows data teams to focus on deriving groundbreaking insights and driving their businesses forward.…",,2026-04-26 02:01:30+00:00,Adzuna,https://www.adzuna.in/details/5710497456?utm_medium=api&utm_source=8944a0ae,2026-09-08 06:06:34.345233+00:00,,,full_time,IT Jobs,500,True,False
adzuna_5709664421,Senior Data Analyst,Flexera Software,"Bangalore, Karnataka",,"Flexera saves customers billions of dollars in wasted technology spend. A pioneer in Hybrid ITAM and FinOps, Flexera provides award-winning, data-oriented SaaS solutions for technology value optimization (TVO), enabling IT, finance, procurement and cloud teams to gain deep insights into cost optimization, compliance and risks for each business service. Flexera One solutions are built on a set of definitive customer, supplier and industry data, powered by our Technology Intelligence Platform, th…",,2026-04-25 02:14:15+00:00,Adzuna,https://www.adzuna.in/details/5709664421?utm_medium=api&utm_source=8944a0ae,2026-09-08 06:06:36.975331+00:00,,,full_time,IT Jobs,500,True,False
adzuna_5706462425,Data Analyst,Cytiva Life Science,"Bangalore, Karnataka",,"Be part of something altogether life-changing Working at Cytiva in the Life Sciences industry means being at the forefront of providing new solutions to transform human health. Our incredible customers undertake life-saving activities ranging from fundamental biological research to developing innovative vaccines, new medicines, and cell and gene therapies. At Cytiva you will be able to continuously improve yourself and us – working on challenges that truly matter with people that care for each …",,2026-04-22 01:59:28+00:00,Adzuna,https://www.adzuna.in/details/5706462425?utm_medium=api&utm_source=8944a0ae,2026-09-08 06:05:57.745231+00:00,,,full_time,IT Jobs,500,True,False
adzuna_5700497169,Data Analyst Fintech,EXL,"Bangalore, Karnataka",,"Description Data Analyst – Strategic Finance Looking to work on high-impact data problems that influence business and financial decisions? This role sits at the intersection of data analytics, financial insights, and operational strategy, helping teams make faster and better decisions using data. Responsibilities What you’ll do: • Analyze large financial and operational datasets to generate actionable insights • Build and maintain dashboards and reporting frameworks for business stakeholders • …",,2026-04-16 01:58:39+00:00,Adzuna,https://www.adzuna.in/details/5700497169?utm_medium=api&utm_source=8944a0ae,2026-09-08 06:06:28.235401+00:00,,,full_time,IT Jobs,500,True,False
adzuna_5681009000,Data Analyst,Wissen Technology,"Bangalore, Karnataka",,"Role- Data Analyst Experience- 2 to 5 years Location-Bangalore Job Role- ● Experience: Minimum of 2 years of professional experience in a data-heavy environment (E-commerce or Fintech experience is a plus). ● SQL Mastery: Exceptional ability to write complex joins, window functions, Analytical functions, and CTEs. Experience with high-scale databases (e.g., BigQuery, Hive, or Postgres). ● Scripting: Functional knowledge of Python for data manipulation (Pandas, NumPy) and basic automation script…",,2026-03-28 11:28:26+00:00,Adzuna,https://www.adzuna.in/details/5681009000?utm_medium=api&utm_source=8944a0ae,2026-09-08 06:05:57.745038+00:00,,,full_time,IT Jobs,500,True,False
adzuna_5680120020,Data Analyst,SkySun,India,,"Role Overview We are looking for a Data Analyst with strong expertise in Microsoft Excel who can efficiently work with large datasets, formulas, and analytical models. The ideal candidate should be able to transform raw data into meaningful insights , build efficient spreadsheets, and support business decisions through structured analysis and reporting. This role requires someone who is highly detail-oriented, analytical, and extremely efficient in Excel-based data handling. Key Responsibilitie…",,2026-03-27 13:39:38+00:00,Adzuna,https://www.adzuna.in/details/5680120020?utm_medium=api&utm_source=8944a0ae,2026-09-08 06:05:51.064867+00:00,,,full_time,IT Jobs,500,True,False
adzuna_5664713683,Data Analyst - India,InnovMetric Logiciels|Software,India,,"You are curious, analytical, and a strong team player? Great, you’re exactly the kind of person we’d love to meet! The Gateway team is looking for a Data Analyst to create data enablement tools that support InnovMetric’s Digital Thread. In this role, y ou will design dashboards, build data integrations, and create API based solutions that make dimensional data accessible to internal teams, partners, and customers. You will collaborate closely with stakeholders across the organization and with i…",,2026-03-14 08:44:52+00:00,Adzuna,https://www.adzuna.in/details/5664713683?utm_medium=api&utm_source=8944a0ae,2026-09-08 06:06:30.922318+00:00,,,full_time,IT Jobs,500,True,False
adzuna_5636068235,Data Analyst / Data Scientist,Weekday AI,India,,"This role is for one of the Weekday's clients Salary range: Rs 300000 - Rs 1200000 (ie INR 3-12 LPA) Min Experience: 1 years Location: Remote (India) JobType: full-time We’re looking for a passionate and detail-oriented Data Analyst / Data Scientist to join our growing analytics team. This role is perfect for someone who thrives on solving complex problems using data, loves diving deep into datasets, and has a strong command of analytical tools and programming languages. As a Data Analyst / Dat…",,2026-02-19 19:58:34+00:00,Adzuna,https://www.adzuna.in/details/5636068235?utm_medium=api&utm_source=8944a0ae,2026-09-08 06:06:17.010940+00:00,,,full_time,IT Jobs,500,True,False
adzuna_5634174711,Senior Data Analyst,TekClan,"Chennai, Tamil Nadu",,"About the Role: We are looking for a detail-oriented and analytical Senior Data Analyst to join our Chennai team. The ideal candidate will have strong skills in T-SQL/PL-SQL, data platform management, and reporting tools, along with experience in database administration and performance tuning. You will play a key role in transforming raw data into meaningful insights that drive business decisions. Key Responsibilities: Write complex queries using T-SQL / PL-SQL to extract, manipulate, and analy…",,2026-02-18 11:46:13+00:00,Adzuna,https://www.adzuna.in/details/5634174711?utm_medium=api&utm_source=8944a0ae,2026-09-08 06:06:30.923945+00:00,800000.0,1200000.0,full_time,IT Jobs,500,True,True
adzuna_5607196899,Data Analyst,QAgile Services,India,,"Microsoft Fabric, Power BI, Data modelling, ETL, Spark SQL Remote work- 5-7 hours 450 Rs hourly charges Skills:- PowerBI, Data modeling, ETL, Spark, SQL and ELT",,2026-01-31 11:30:48+00:00,Adzuna,https://www.adzuna.in/details/5607196899?utm_medium=api&utm_source=8944a0ae,2026-09-08 06:06:08.964058+00:00,300000.0,500000.0,full_time,IT Jobs,160,True,True
adzuna_5604419908,Data Analyst,Talent Pro,"Mumbai, Maharashtra",,"Must have Strong SQL skills (queries, optimization, procedures, triggers), Hands-on experience with SQL, Automated through SQL. Looking for candidates having 2 years experience who has worked on large datasets with 1cr. datasets or more. Handling the challenges and breaking. Must have Advanced Excel skills Should have 3 years of relevant experience Should have Reporting dashboard creation experience Should have Database development & maintenance experience Must have Strong communication for cl…",,2026-01-29 11:29:14+00:00,Adzuna,https://www.adzuna.in/details/5604419908?utm_medium=api&utm_source=8944a0ae,2026-09-08 06:06:11.882216+00:00,800000.0,1200000.0,full_time,IT Jobs,499,True,True
adzuna_5602825903,Data Analyst,Hunarstreet Technologies Pvt Ltd,"Vadodara, Gujarat",,"Job Overview As a Profile Data Setup Analyst, you will play a key role in configuring, analysing, and managing product data for our customers. You will work closely with internal teams and clients to ensure accurate, optimized, and timely data setup in Windowmaker software. This role is perfect for someone who enjoys problem-solving, working with data, and continuously learning. Key Responsibilities • Understand customer product configurations and translate them into structured data using Windo…",,2026-01-28 11:24:00+00:00,Adzuna,https://www.adzuna.in/details/5602825903?utm_medium=api&utm_source=8944a0ae,2026-09-08 06:05:57.745186+00:00,600000.0,800000.0,full_time,IT Jobs,500,True,True
adzuna_5602825896,Data Analyst-,Hunarstreet Technologies Pvt Ltd,"Vadodara, Gujarat",,"Key Responsibilities • Understand customer product configurations and translate them into structured data using Windowmaker Software. • Set up and modify profile data including reinforcements, glazing, and accessories, aligned with customer-specific rules and industry practices. • Analyse data, identify inconsistencies, and ensure high-quality output that supports accurate quoting and manufacturing. • Collaborate with cross-functional teams (Sales, Software Development, Support) to deliver comp…",,2026-01-28 11:24:00+00:00,Adzuna,https://www.adzuna.in/details/5602825896?utm_medium=api&utm_source=8944a0ae,2026-09-08 06:06:14.440797+00:00,400000.0,600000.0,full_time,IT Jobs,500,True,True
adzuna_5600377478,Data Analyst,Arcana Analytics,India,,"Arcana is a portfolio intelligence platform used by hedge funds and asset managers to analyze performance and risk. We’re rethinking the tools institutional investors rely on—and we’re hiring analysts who want to help drive that transformation. We are looking for a Data Analyst to work with large-scale financial datasets, ensure high data quality, and deliver actionable insights through dashboards and reports. The role focuses on building and maintaining robust data quality frameworks and colla…",,2026-01-26 00:36:10+00:00,Adzuna,https://www.adzuna.in/details/5600377478?utm_medium=api&utm_source=8944a0ae,2026-09-08 06:06:03.525960+00:00,,,,IT Jobs,500,True,False
adzuna_5599249932,Data Analyst I,Parker Group,India,,"About the Role: Parker’s mission is simple but ambitious: to increase the number of financially independent people. We believe the best way to achieve this is by equipping independent business owners with the financial tools they need to scale profitably. Our core product combines a virtual corporate card with profitability-focused financial software , empowering eCommerce merchants to grow faster while maintaining control of their margins. We’ve raised over $180M in equity and debt from world-…",,2026-01-25 01:31:13+00:00,Adzuna,https://www.adzuna.in/details/5599249932?utm_medium=api&utm_source=8944a0ae,2026-09-08 06:06:34.345977+00:00,22000.0,36000.0,full_time,IT Jobs,500,True,True
adzuna_5594451979,Westfield Data Analyst,EXL,India,,"Description Role : Business Data Analyst Location – Gurugram Exp : 3-6 Must-Have: 3-6 years of work experience in large-scale Data applications doing Data Analysis, Data Mapping, and Data Transformations. - Experience in Snowflake, Any relational DB , requirements gathering - Very good Verbal & Written communication & tracking skills - SQL - Should have exposure to data consolidation, transformation, and standardization - Experience with Insurance (Property and Casualty Insurance - P&C) Domain …",,2026-01-22 00:53:03+00:00,Adzuna,https://www.adzuna.in/details/5594451979?utm_medium=api&utm_source=8944a0ae,2026-09-08 06:06:28.235834+00:00,,,full_time,IT Jobs,500,True,False
adzuna_5592093935,Data Analyst,Hunarstreet Technologies Pvt Ltd,"Gujarat, India",,"Job Role : Profile Data Setup Analyst Job Title : Data Analyst Location : Vadodara | Department: Customer Service | Experience : 3 - 5 Years Job Overview A company, we’ve been transforming the window and door industry with intelligent software for over 40 years. Our solutions power manufacturers, dealers, and installers globally, enabling efficiency, accuracy, and growth. We are now looking for curious, data-driven professionals to join our mission of delivering world-class digital solutions to…",,2026-01-20 11:16:34+00:00,Adzuna,https://www.adzuna.in/details/5592093935?utm_medium=api&utm_source=8944a0ae,2026-09-08 06:06:00.620360+00:00,60000.0,700000.0,full_time,IT Jobs,500,True,True
adzuna_5590143347,Data Analyst,Hudson Data,India,,"About Hudson Data At Hudson Data, we view AI as both an art and a science. Our cross-functional teams — spanning business leaders, data scientists, and engineers — blend AI/ML and Big Data technologies to solve real-world business challenges. We harness predictive analytics to uncover new revenue opportunities, optimize operational efficiency, and enable data-driven transformation for our clients. Beyond traditional AI/ML consulting, we actively collaborate with academic and industry partners t…",,2026-01-18 10:53:59+00:00,Adzuna,https://www.adzuna.in/details/5590143347?utm_medium=api&utm_source=8944a0ae,2026-09-08 06:06:06.227598+00:00,900000.0,1200000.0,full_time,IT Jobs,500,True,True
adzuna_5586642440,Data Analyst,InTouch CX,"Hyderabad, Telangana",,"About the Job We are revolutionizing the way people perceive customer service, and we require your assistance! We are currently seeking a Data Analyst who will be responsible for analyzing and reporting on operational data in an effort to enhance program performance visibility. This role will also contribute to various projects and perform ad-hoc analyses to provide timely information and support for strategic decision-making. As Data Analyst, You Will… Continuously monitor and evaluate data to…",,2026-01-16 00:52:21+00:00,Adzuna,https://www.adzuna.in/details/5586642440?utm_medium=api&utm_source=8944a0ae,2026-09-08 06:05:53.308304+00:00,,,,IT Jobs,500,True,False
adzuna_5586566169,Data Analyst,In Touch,"Hyderabad, Telangana",,"About the Job Join us in transforming the perception of customer service! We are seeking a dedicated Data Analyst to analyze and report on operational data, enhancing program performance visibility. This role is vital in contributing to various projects and performing ad-hoc analyses, providing timely insights that support strategic decision-making. If you are passionate about data and eager to make a significant impact, we invite you to apply! As Data Analyst, You Will… Collect and organize la…",,2026-01-16 00:45:45+00:00,Adzuna,https://www.adzuna.in/details/5586566169?utm_medium=api&utm_source=8944a0ae,2026-09-08 06:05:53.308181+00:00,,,,IT Jobs,500,True,False
adzuna_5586444744,Data Analyst,InTouch CX,"Hyderabad, Telangana",,"About the Job We are looking for a Data Analyst who is a self-starter with the ability to work in a fast-paced, performance driven environment. The incumbent will be responsible for the analysis and reporting of operational related data in an on-going effort to increase visibility for program performance. As Data Analyst, You Will… Collect, analyze, evaluate and report data in order to increase visibility into performance for all lines of business within 24-7 Intouch Complete projects and ad-ho…",,2026-01-16 00:31:50+00:00,Adzuna,https://www.adzuna.in/details/5586444744?utm_medium=api&utm_source=8944a0ae,2026-09-08 06:05:53.307915+00:00,,,,IT Jobs,500,True,False
adzuna_5574398026,Data Analyst,Topcoder,"Noida, Ghaziabad",,"Position Overview We are seeking a detail-oriented Data Analyst who will ensure that organizational data is accurately transformed, validated, and prepared for downstream consumption. Key Responsibilities Data Transformation & Integration Design, develop, and maintain ETL/ELT pipelines to consolidate data from disparate systems (databases, APIs, flat files) Apply business logic to normalize, enrich, and standardize incoming datasets Data Quality Assurance Implement validation rules and automate…",,2026-01-09 00:41:11+00:00,Adzuna,https://www.adzuna.in/details/5574398026?utm_medium=api&utm_source=8944a0ae,2026-09-08 06:06:03.526120+00:00,,,,IT Jobs,500,True,False
adzuna_5549594782,Data Analyst,Highfly Sourcing,India,,"We are seeking a motivated Data Analyst to support business operations by analyzing data, preparing reports, and delivering meaningful insights. The ideal candidate should be comfortable working with data, identifying patterns, and presenting findings in a clear and actionable way. Key Responsibilities: Collect, clean, and organize data from internal and external sources Analyze large datasets to identify trends, patterns, and opportunities Prepare regular and ad-hoc reports for business stakeh…",,2025-12-20 11:07:17+00:00,Adzuna,https://www.adzuna.in/details/5549594782?utm_medium=api&utm_source=8944a0ae,2026-09-08 06:05:57.745166+00:00,1500000.0,2500000.0,full_time,IT Jobs,500,True,True
adzuna_5548655909,Portfolio Data Analyst,Arcana Analytics,"Bangalore, Karnataka",,"We are seeking dynamic Portfolio Data Analysts to join our team and collaborate closely with our founders, financial analysts, product managers, and engineers. In this role, you'll play a pivotal part in supporting our client onboarding and success team. You'll need a strong ability to analyze financial data, translate insights into actionable strategies, and effectively guide clients through our platform's features to drive their success. Responsibilities: Analyze and onboard portfolio data fr…",,2025-12-19 23:54:35+00:00,Adzuna,https://www.adzuna.in/details/5548655909?utm_medium=api&utm_source=8944a0ae,2026-09-08 06:06:30.923043+00:00,,,,IT Jobs,500,True,False
adzuna_5543508791,Senior Data Analyst,r3 Consultant,"Pune, Maharashtra",,"Description R3 Consultant is looking for a Senior Data Analyst to join our team in Pune. This full-time, on-site position offers an exciting opportunity to delve into data analytics within the staffing and recruiting industry, where your insights will drive strategic decision-making. As a Senior Data Analyst, you will play a pivotal role in analyzing complex datasets to identify trends, patterns, and insights that will enhance our recruitment strategies and improve client outcomes. You will col…",,2025-12-16 02:52:13+00:00,Adzuna,https://www.adzuna.in/details/5543508791?utm_medium=api&utm_source=8944a0ae,2026-09-08 06:06:22.773310+00:00,,,full_time,IT Jobs,500,True,False
adzuna_5532438214,Data Analyst,Sagility,India,,"Sagility combines industry-leading technology and transformation-driven BPM services with decades of healthcare domain expertise to help clients draw closer to their members. The company optimizes the entire member/patient experience through service offerings for clinical, case management, member engagement, provider solutions, payment integrity, claims cost containment, and analytics. Sagility has more than 25,000 employees across 5 countries. ""To conduct data analysis, provide insights, and c…",,2025-12-07 22:44:33+00:00,Adzuna,https://www.adzuna.in/details/5532438214?utm_medium=api&utm_source=8944a0ae,2026-09-08 06:05:55.548097+00:00,,,full_time,IT Jobs,500,True,False
adzuna_5531896486,Data Analyst,Peak Hire Solutions,"Bangalore, Karnataka",,"Required Skills: Strong SQL Expertise, Data Reporting & Analytics, Database Development, Stakeholder & Client Communication, Independent Problem-Solving & Automation Skills Review Criteria · Must have Strong SQL skills (queries, optimization, procedures, triggers) · Must have Advanced Excel skills · Should have 3 years of relevant experience · Should have Reporting dashboard creation experience · Should have Database development & maintenance experience · Must have Strong communication for cli…",,2025-12-07 05:40:05+00:00,Adzuna,https://www.adzuna.in/details/5531896486?utm_medium=api&utm_source=8944a0ae,2026-09-08 06:06:11.882315+00:00,800000.0,1100000.0,full_time,IT Jobs,499,True,True
adzuna_5522126592,Data Analyst,Technogen,"Bangalore, Karnataka",,Job Code : JPC – 36740 We are looking for a creative data analyst who has strong experience in both data visualization and data workflow construction Analyst must be proficient in both Hadoop and Alteryx (Hadoop certification required) Analyst must have experience working with senior leadership to both comprehend and produce desired outputs Experience building Hadoop dashboards showing multiple visual views of performance with easy drill down capability Preferred candidate will be well versed i…,,2025-12-01 22:55:55+00:00,Adzuna,https://www.adzuna.in/details/5522126592?utm_medium=api&utm_source=8944a0ae,2026-09-08 06:06:03.526390+00:00,,,full_time,IT Jobs,500,True,False
adzuna_5520630121,Data Analyst,Jobdost,"Mangalore, Dakshin Kannada",,"Who is an ideal fit for us? We seek professionals who are analytical, demonstrate self-motivation, exhibit a proactive mindset, and possess a strong sense of responsibility and ownership in their work. What will you get to work on? As a member of the Implementation & Analytics team, you will: ● Design, develop, and optimize complex SQL queries to extract, transform, and analyze data ● Create advanced reports and dashboards using SQL, stored procedures, and other reporting tools ● Develop and ma…",,2025-12-01 04:52:26+00:00,Adzuna,https://www.adzuna.in/details/5520630121?utm_medium=api&utm_source=8944a0ae,2026-09-08 06:06:08.964112+00:00,800000.0,1000000.0,full_time,IT Jobs,500,True,True
adzuna_5503837644,Data Analyst Intern,Optimspace,"Pune, Maharashtra",,"Job Title: Data Analyst Intern Company: Optimspace.in Location: Remote Duration: 3 months Opportunity: Full-time based on performance, with a Certificate of Internship Optimspace.in Optimspace.in offers practical experience for students and graduates in data analysis to enhance career prospects and provide hands-on learning opportunities in a real-world environment. Responsibilities Collect, clean, and analyze datasets. Develop reports and data visualizations. Identify trends and patterns in da…",,2025-11-20 00:58:19+00:00,Adzuna,https://www.adzuna.in/details/5503837644?utm_medium=api&utm_source=8944a0ae,2026-09-08 06:06:19.742320+00:00,,,contract,IT Jobs,500,True,False
adzuna_5503836577,Data Analyst,NAVVYASA CONSULTING PRIVATE LIMITED,India,,"About the Role We are looking for a highly skilled Data Analyst or Data Scientist with strong expertise in Python and SQL to join our client’s team. The primary responsibility will be to automate data-driven workflows and processes based on detailed business steps provided by the Product and Business teams. The ideal candidate will bridge the gap between analytics, process understanding, and automation execution. Key Responsibilities ● Collaborate with the Business and Product teams to understa…",,2025-11-20 00:58:08+00:00,Adzuna,https://www.adzuna.in/details/5503836577?utm_medium=api&utm_source=8944a0ae,2026-09-08 06:05:53.308255+00:00,,,full_time,IT Jobs,500,True,False
adzuna_5503284671,Data Analyst,Intelliatx Therapeutics,"Bangalore, Karnataka",,"Data Analyst – Job Decription Connecting people with each other and the right information is mission critical. Our Company develops innovative cloud-based technology to make it easier, more effective and more efficient to make the right connections. Our solutions put people in sync with each other and the right information, so they gain the insight needed to reach better decisions on the issues that matter most. We do it with a laser focus on reliability. The Company is a leading provider of te…",,2025-11-19 22:19:09+00:00,Adzuna,https://www.adzuna.in/details/5503284671?utm_medium=api&utm_source=8944a0ae,2026-09-08 06:05:55.547805+00:00,,,full_time,IT Jobs,500,True,False
adzuna_5379021882,Data Analyst,ICAD school of Learning,"Nagpur, Maharashtra",,"Job Summary The Data Analyst is required to Data capture, data cleaning, data preparation, data management and data analysis and interpretations required by the Business. Handle data factory with precision and confidentiality. The role is crucial for providing actionable insights to improve teaching quality, enhance student performance, optimize business operations, and drive growth. Essential Job Responsibilities: Academic Data Analysis · Analyze student performance data from internal assessme…",,2025-09-02 07:56:40+00:00,Adzuna,https://www.adzuna.in/details/5379021882?utm_medium=api&utm_source=8944a0ae,2026-09-08 06:06:03.526344+00:00,500000.0,800000.0,full_time,IT Jobs,500,True,True
adzuna_5336689191,Data Analyst,EWU,"Coimbatore, Tamil Nadu",,"We’re seeking a detail-oriented Data Analyst with proven experience in corporate settings to transform raw data into actionable insights. You’ll collaborate across departments to support strategic decision-making, optimize operations, and enhance business performance through data-driven analysis. Skills:- PowerBI, Tableau, Data Analytics, Dashboard, MS-Office, Data Visualization and Advanced analytics",,2025-08-04 05:33:07+00:00,Adzuna,https://www.adzuna.in/details/5336689191?utm_medium=api&utm_source=8944a0ae,2026-09-08 06:05:55.548228+00:00,400000.0,700000.0,full_time,IT Jobs,404,True,True
adzuna_5314053973,Data Analyst,Fisdom,"Bangalore, Karnataka",,"Background Fisdom is a leading digital wealth management platform. Fisdom platform (mobile apps and web apps) provides access to consumers to a wide bouquet of financial solutions – investments, savings and protection (and many more in the pipeline). Fisdom blends cutting-edge technology with conventional financial wisdom, awesome UX and friendly customer service to make financial products simpler and more accessible to millions of Indians. We are growing and constantly looking for high perform…",,2025-07-21 05:27:56+00:00,Adzuna,https://www.adzuna.in/details/5314053973?utm_medium=api&utm_source=8944a0ae,2026-09-08 06:06:11.882379+00:00,100000.0,100000.0,full_time,IT Jobs,500,True,True
adzuna_5294954886,Data Analyst,Multi Recruit,"Bangalore, Karnataka",,"Bachelor's degree in Computer Science, Engineering, Operations Research, Math, or related discipline. Minimum 2 years of experience as an Analyst role preferred. Highly proficient in Microsoft Office and Windows based applications. SQL AND Excel Knowledge and Hands-on experience is a must. Demonstrated Analytical ability, results-oriented environment with external customer interaction. Excellent written and verbal communication and presentation skills and the ability to express thoughts logical…",,2025-07-10 05:24:09+00:00,Adzuna,https://www.adzuna.in/details/5294954886?utm_medium=api&utm_source=8944a0ae,2026-09-08 06:06:11.882416+00:00,650000.0,850000.0,full_time,IT Jobs,500,True,True
adzuna_5257287584,Sr Data Analyst,Jobizo,India,,"About the Role: We are looking for a skilled and detail-oriented Data Analyst to join our team. The ideal candidate will be responsible for collecting, analyzing, and interpreting large datasets to support data-driven decision-making across the organization. Proficiency in MongoDB and SQL is essential for this role. Key Responsibilities: Collect, process, and clean structured and unstructured data from various sources. Analyze data using SQL queries and MongoDB aggregations to extract insights.…",,2025-06-19 05:22:26+00:00,Adzuna,https://www.adzuna.in/details/5257287584?utm_medium=api&utm_source=8944a0ae,2026-09-08 06:06:19.742391+00:00,700000.0,1000000.0,full_time,IT Jobs,500,True,True
adzuna_5255506978,Senior Data Analyst,NeoGenCode Technologies Pvt Ltd,"Bangalore, Karnataka",,"Position : Senior Data Analyst Experience Required : 5 to 8 Years Location : Hyderabad or Bangalore (Work Mode: Hybrid – 3 Days WFO) Shift Timing : 11:00 AM – 8:00 PM IST Notice Period : Immediate Joiners Only Job Summary : We are seeking a highly analytical and experienced Senior Data Analyst to lead complex data-driven initiatives that influence key business decisions. The ideal candidate will have a strong foundation in data analytics, cloud platforms, and BI tools, along with the ability to…",,2025-06-18 05:21:07+00:00,Adzuna,https://www.adzuna.in/details/5255506978?utm_medium=api&utm_source=8944a0ae,2026-09-08 06:06:22.773364+00:00,1000000.0,1800000.0,full_time,IT Jobs,500,True,True
adzuna_5211779279,Data Analyst,Wissen Technology,"Mumbai, Maharashtra",,"Description of Role: We are looking for a career-minded professional with global perspective to join the Mumbai based Data & Analytics Group (DAG). Key responsibilities: As part of the Data & Analytics Group (DAG) and reporting to the Head of the India DAG locally, the individual is responsible for the following – 1.Review, analyze, and resolve data quality issues for enterprise core data in the IM Data Warehouse. 2.Coordinate with data owners and other teams to identify root-cause of data qual…",,2025-05-23 06:51:59+00:00,Adzuna,https://www.adzuna.in/details/5211779279?utm_medium=api&utm_source=8944a0ae,2026-09-08 06:06:03.526148+00:00,,,full_time,IT Jobs,500,True,False
adzuna_5211779275,Data Analyst,Wissen Technology,"Mumbai, Maharashtra",,"Key qualifications 1. Bachelor’s Degree required and any other relevant academic course a plus. 2. Strong domain knowledge of investment data 3. 5 years of data management, data analytics, or data governance experience in financial services 4. Experience in data analysis, exploratory analysis using SQL and formulating data quality rules. 5. Experience working with BI reporting tools like Tableau, Power BI is preferred. 6. Knowledge in coding, Python is a plus. 7. Prior experience working with D…",,2025-05-23 06:51:59+00:00,Adzuna,https://www.adzuna.in/details/5211779275?utm_medium=api&utm_source=8944a0ae,2026-09-08 06:06:11.882290+00:00,,,full_time,IT Jobs,500,True,False
adzuna_5146507084,Data Analyst,Amicus Therapeutics,"Bangalore, Karnataka",,"Position Description Data Analyst Location: Remote/Bangalore Amicus Therapeutics is a global, patient-dedicated biotechnology company focused on discovering, developing and delivering high-quality medicines for people living with rare metabolic diseases. Position Summary Data analyst responsibilities include conducting full lifecycle analysis to include requirements, activities and design. Data analysts will develop analysis and reporting capabilities. They will also monitor performance and qua…",,2025-04-16 01:41:37+00:00,Adzuna,https://www.adzuna.in/details/5146507084?utm_medium=api&utm_source=8944a0ae,2026-09-08 06:05:53.307730+00:00,,,full_time,IT Jobs,500,True,False
adzuna_5114699182,Senior Data Analyst,Vector Labs Tech,India,,"We are seeking a highly motivated and experienced Senior Data Analyst to join our dynamic team. The ideal candidate will be responsible for extracting, analyzing, and interpreting complex datasets to provide actionable insights that drive business strategy and improve operational efficiency. You will play a crucial role in transforming raw data into meaningful information, enabling stakeholders to make informed decisions. Responsibilities: Data Extraction and Manipulation: Extract data from var…",,2025-03-28 06:23:51+00:00,Adzuna,https://www.adzuna.in/details/5114699182?utm_medium=api&utm_source=8944a0ae,2026-09-08 06:06:25.651932+00:00,700000.0,2000000.0,full_time,IT Jobs,500,True,True
adzuna_5111436575,Data Analyst,Vector Labs Tech,India,,"Responsibilities: Data Collection and Preparation: Gather data from various sources, including databases, spreadsheets, and APIs. Clean, validate, and transform data to ensure accuracy and consistency. Develop and maintain data pipelines for efficient data processing. Data Analysis and Interpretation: Analyze large datasets to identify trends, patterns, and correlations. Perform statistical analysis and hypothesis testing to validate findings. Develop and implement data models and algorithms to…",,2025-03-26 06:46:55+00:00,Adzuna,https://www.adzuna.in/details/5111436575?utm_medium=api&utm_source=8944a0ae,2026-09-08 06:06:08.964164+00:00,1200000.0,2100000.0,full_time,IT Jobs,500,True,True
adzuna_4993547435,Data Analyst,RegisterKaro,India,,"Job Description: Data Analyst Position: Data Analyst Location: Gurgaon Experience Level: 1-3 Years Employment Type: Full-Time Role Overview We are looking for a results-driven Data Analyst to join our team and support business decision-making through data insights and analytics. The ideal candidate will be highly proficient in Python, skilled in data visualization tools, and experienced in solving complex problems to drive measurable business outcomes such as revenue growth or cost reduction. K…",,2025-01-01 11:53:10+00:00,Adzuna,https://www.adzuna.in/details/4993547435?utm_medium=api&utm_source=8944a0ae,2026-09-08 06:05:55.547966+00:00,400000.0,1000000.0,full_time,IT Jobs,500,True,True
adzuna_4992020344,Data Analyst,Appitsimple infotek Pvt. Ltd.,India,,"Job role: As a data analyst, you will be responsible for compiling actionable insights from data and assisting program, sales and marketing managers build data-driven processes. Your role will involve driving initiatives to optimize for operational excellence and revenue. Responsibilities: Ensure that data flows smoothly from source to destination so that it can be processed Utilize strong database skills to work with large, complex data sets to extract insights Filter and cleanse unstructured …",,2024-12-30 12:10:27+00:00,Adzuna,https://www.adzuna.in/details/4992020344?utm_medium=api&utm_source=8944a0ae,2026-09-08 06:06:00.620548+00:00,100000.0,300000.0,full_time,IT Jobs,500,True,True
adzuna_4988851694,Data Analyst,Clinton Health Access Initiative,"Bhopal, Madhya Pradesh",,"The Clinton Health Access Initiative, Inc. (CHAI) is a global health organization committed to saving lives and reducing the burden of disease in low-and middle-income countries, while strengthening the capabilities of governments and the private sector in those countries to create and sustain high-quality health systems that can succeed without our assistance. For more information, please visit: http://www.clintonhealthaccess.org In India, CHAI has worked on various initiatives with the Nation…",,2024-12-25 11:57:39+00:00,Adzuna,https://www.adzuna.in/details/4988851694?utm_medium=api&utm_source=8944a0ae,2026-09-08 06:06:03.526413+00:00,300000.0,400000.0,full_time,Admin Jobs,500,True,True
adzuna_4988851226,Data Analyst,Millions Advisory,"Pune, Maharashtra",,"Must have 5-8 years of experience in handling data Must have the ability to interpret large amounts of data and to multi-task Must have strong knowledge of and experience with programming (Python), Linux/Bash scripting, databases(SQL, etc) Must have strong analytical and critical thinking to resolve business problems using data and tech Must have domain familiarity and interest of – Cloud technologies (GCP/Azure Microsoft/ AWS Amazon), open-source technologies, Enterprise technologies Must have…",,2024-12-25 11:57:34+00:00,Adzuna,https://www.adzuna.in/details/4988851226?utm_medium=api&utm_source=8944a0ae,2026-09-08 06:06:08.964470+00:00,500000.0,1700000.0,full_time,IT Jobs,500,True,True
adzuna_4966721625,Data Analyst,Fatakpay,India,,"Job Title : Data Analyst-Fintech Job Description : We are seeking a highly motivated and detail-oriented Data Analyst with 2 to 4 years of work experience to join our team. The ideal candidate will have a strong analytical mindset, excellent problem-solving skills, and a passion for transforming data into actionable insights. In this role, you will play a pivotal role in gathering, analyzing, and interpreting data to support informed decision-making and drive business growth. Key Responsibiliti…",,2024-12-07 13:03:54+00:00,Adzuna,https://www.adzuna.in/details/4966721625?utm_medium=api&utm_source=8944a0ae,2026-09-08 06:05:53.308023+00:00,800000.0,1500000.0,full_time,IT Jobs,500,True,True
adzuna_4928060322,Sr. Data Analyst,OnActive,India,,"Senior Data Analyst Experience: 8 Years Work Mode: Remote Full Time Responsibilities: • Analyze large datasets to uncover trends, patterns, and insights to support business goals. • Design, develop, and manage interactive dashboards and reports using Power BI. • Utilize DAX and SQL for advanced data querying and data modeling. • Create and manage complex SQL queries for data extraction, transformation, and loading processes. • Collaborate with cross-functional teams to understand data requireme…",,2024-11-06 12:42:06+00:00,Adzuna,https://www.adzuna.in/details/4928060322?utm_medium=api&utm_source=8944a0ae,2026-09-08 06:06:25.651257+00:00,2000000.0,2500000.0,full_time,IT Jobs,500,True,True
adzuna_4874338703,Data Analyst,Pluginlive,"Mumbai, Maharashtra",,"About the company DCB Bank is a new generation private sector bank with 442 branches across India.It is a scheduled commercial bank regulated by the Reserve Bank of India. DCB Bank’s business segments are Retail banking, Micro SME, SME, mid-Corporate, Agriculture, Government, Public Sector, Indian Banks, Co-operative Banks and Non-Banking Finance Companies. Job Description Department : Risk Analytics CTC: Max 18 Lacs Grade: Sr Manager/AVP Experience: Min 4 years of relevant experience We are lo…",,2024-09-24 11:44:30+00:00,Adzuna,https://www.adzuna.in/details/4874338703?utm_medium=api&utm_source=8944a0ae,2026-09-08 06:06:11.882240+00:00,1000000.0,2000000.0,full_time,Accounting & Finance Jobs,500,True,True
adzuna_4855397054,data analyst,Epik Solutions,India,,"Job Title: Data Analyst Location: Permanent Work from Home Job Type: Full-Time Job Description: We are seeking a highly motivated and skilled Data Analyst to join our team. The ideal candidate will have a strong background in data analysis, incident management, and real-time data reporting. The role demands exceptional communication skills, both written and spoken, as well as the ability to work flexible shifts to support our global operations. Key Responsibilities: - Perform data analysis to i…",,2024-09-07 11:25:36+00:00,Adzuna,https://www.adzuna.in/details/4855397054?utm_medium=api&utm_source=8944a0ae,2026-09-08 06:05:55.548552+00:00,50000.0,700000.0,permanent,IT Jobs,500,True,True
adzuna_4830811997,Senior Data Analyst,PVH,India,,"Design Your Future at PVH Senior Data Analyst POSITION TITLE: Senior Data Analyst (Business Analytics) – PVH Supply Data & Analytics DEPT. /DIVISION: Corporate Supply Data & Analytics POSITION REPORTS TO: Senior Manager, Data & Analytics LOCATION: Bangalore, India POSITION SUMMARY: The Supply Chain Data & Analytics (SDA) team sits within the corporate Supply Chain function at PVH and is passionate about powering a world-class, data-driven Supply Chain by delivering exceptional data & analytics,…",,2024-08-19 03:31:25+00:00,Adzuna,https://www.adzuna.in/details/4830811997?utm_medium=api&utm_source=8944a0ae,2026-09-08 06:06:22.773673+00:00,,,full_time,IT Jobs,500,True,False
adzuna_4801651938,Lead Data Analyst,Ipsos,"Bangalore, Karnataka",,"Description Analytics Team Lead Location: Bangalore Division: Ipsos Healthcare Ipsos is one of the world's largest research companies and currently the only one primarily managed by researchers, ranking as a 1 full-service research organization for four consecutive years. With over 75 different data-driven solutions, and presence in 90 markets, Ipsos brings together research, implementation, methodological, and subject-matter experts from around the world, combining thematic and technical exper…",,2024-07-31 03:21:15+00:00,Adzuna,https://www.adzuna.in/details/4801651938?utm_medium=api&utm_source=8944a0ae,2026-09-08 06:06:22.773622+00:00,,,,IT Jobs,500,True,False
adzuna_4801598617,Data Analyst,Intercept Pharmaceuticals,"Bangalore, Karnataka",,"About Intercept Pharmaceuticals Intercept Pharmaceuticals, Inc. is an American biopharmaceutical company incorporated in 2002, focusing on the development of novel synthetic bile acid analogs to treat chronic liver diseases, such as primary biliary cirrhosis (PBC) now called primary biliary cholangitis, non-alcoholic fatty liver disease (or non-alcoholic steatohepatitis , NASH), cirrhosis , portal hypertension , primary sclerosing cholangitis and also the intestinal disorder, bile acid diarrhea…",,2024-07-31 03:18:00+00:00,Adzuna,https://www.adzuna.in/details/4801598617?utm_medium=api&utm_source=8944a0ae,2026-09-08 06:06:08.964251+00:00,,,full_time,Scientific & QA Jobs,500,True,False
adzuna_4801558701,Data Analyst,Immunogen Pharmaceutical,"Bangalore, Karnataka",,"About Immunogen Targeting a better life for people with cancer is why we get up in the morning. It’s not enough to disrupt the progress of someone’s cancer; we want to keep cancer from disrupting someone’s life. That’s why everything we do is about developing the most precise, targeted cancer therapies. We believe this is the best way to get people back to their lives – back to living today, tomorrow, and beyond. For us, targeting a better now is the only thing that matters. About the role Canc…",,2024-07-31 03:15:22+00:00,Adzuna,https://www.adzuna.in/details/4801558701?utm_medium=api&utm_source=8944a0ae,2026-09-08 06:06:06.227274+00:00,,,full_time,IT Jobs,500,True,False
adzuna_4801449881,Data Analyst_Offshore,Photon Group,India,,"Description We are looking for a data analyst to join our team and help us transform data into insights and actions. You will be responsible for collecting, cleaning, analyzing, and reporting on various data sources and business processes. You will also collaborate with other teams and stakeholders to provide data-driven solutions and recommendations. Responsibilities Collect and integrate data from various sources, such as databases, APIs, files, and web services Perform data quality checks an…",,2024-07-31 03:06:28+00:00,Adzuna,https://www.adzuna.in/details/4801449881?utm_medium=api&utm_source=8944a0ae,2026-09-08 06:06:28.235551+00:00,,,full_time,IT Jobs,500,True,False
adzuna_4739597153,HR Data Analyst,"Opalforce, Inc.","Naduvathi, Bangalore",,"Job Title: HR Data Analyst Location: Bangalore High Level JD: Collect, compile, and analyze HR Data for trends with regard to recruitment practices, retention/turnover and apply this data to make recommendatios Excellent knowledge of Microsoft Office Suite, and Excel and the ability to createcharts,spreadsheets and presentations Compiling reports of data results and presenting these to senior managers. A minimum of 2 years experience in similar role. Ability to work with cross-functional teams …",,2024-06-16 14:59:21+00:00,Adzuna,https://www.adzuna.in/details/4739597153?utm_medium=api&utm_source=8944a0ae,2026-09-08 06:06:19.741975+00:00,,,permanent,IT Jobs,500,True,False
adzuna_4715697356,Data analyst,Sadup Softech,"Bangalore, Karnataka",,"Must have skills 3 to 6 years Data Science SQL, Excel, Big Query - mandate 3 years Python/ML, Hadoop, Spark - 2 years Requirements • 3 years prior experience as a data analyst • Detail oriented, structural thinking and analytical mindset. • Proven analytic skills, including data analysis and data validation. • Technical writing experience in relevant areas, including queries, reports, and presentations. • Strong SQL and Excel skills with the ability to learn other analytic tools • Good communic…",,2024-06-01 09:41:50+00:00,Adzuna,https://www.adzuna.in/details/4715697356?utm_medium=api&utm_source=8944a0ae,2026-09-08 06:05:57.744972+00:00,1200000.0,1500000.0,full_time,IT Jobs,500,True,True
adzuna_4686707835,Data Analyst,,"Mumbai, Maharashtra",,"Acquire data from primary or secondary data sources and maintain databases/data systems Expertise in processing large datasets for data transformation like data cleansing, scrubbing, profiling Interpreting, filtering, cleaning and analyzing data using advanced Excel, Access and SQL. Provided the company with charts and graphs from the data analyzed to identify trends and patterns for further decision making. Working with data structures and algorithms. Familiarity with NoSQL NewSQL databases Re…",,2024-05-10 07:39:12+00:00,Adzuna,https://www.adzuna.in/details/4686707835?utm_medium=api&utm_source=8944a0ae,2026-09-08 06:06:17.010485+00:00,,,,IT Jobs,500,True,False
adzuna_4686707833,Data Analyst,,"Navi Mumbai, Maharashtra",,"Our Client have a wealth of experience in enterprise solution.They are recognized for their knowledge and experience on enterprise business systems.They are constantly finding innovative ways to blend people,process and technologies to deliver bottom-line benefits to their customers. Job Location :- Navi Mumbai Qualification :- BE/B TECH(IT/Computers) , MCA, MSE(IT/Computers) Experience :- 0 to 1 Year 1) Software programming experience. 2) Advanced with Python. 3) Strong knowledge of SQL Server…",,2024-05-10 07:39:12+00:00,Adzuna,https://www.adzuna.in/details/4686707833?utm_medium=api&utm_source=8944a0ae,2026-09-08 06:06:14.441218+00:00,,,,IT Jobs,500,True,False
adzuna_4686707449,Data Analyst,,"Mumbai, Maharashtra",,"1. MIS generation 2. Coordination and Administration 3. Secretarial support Job Description: 1. Preparing daily / weekly reports / MIS by gathering data from dashboards and by using advanced excel tools like, V lookup, H lookup, pivot table, formulas etc. 2. Coordination with various departments / divisions. 3. Managing correspondence with various employees in the organization. 4. Arrangements and coordination for workshops / seminars / exhibitions etc. 5. Providing secretarial support. Kindly …",,2024-05-10 07:39:09+00:00,Adzuna,https://www.adzuna.in/details/4686707449?utm_medium=api&utm_source=8944a0ae,2026-09-08 06:06:17.010586+00:00,,,,Admin Jobs,500,True,False
adzuna_4686706356,Data Analyst,,"Bangalore, Karnataka",,"Its primary target is to create and maintain data pipelines. Strong analytics skills are needed to understand complex data sets . Experience in running database service on Cloud would be needed to run a secure data platform. The ideal candidate must have strong experience using a variety of data mining/data analysis methods, using a variety of data tools, building and implementing data models. They must have a proven ability to drive business results with their data-based insights. They must be…",,2024-05-10 07:39:00+00:00,Adzuna,https://www.adzuna.in/details/4686706356?utm_medium=api&utm_source=8944a0ae,2026-09-08 06:06:17.010535+00:00,,,,IT Jobs,500,True,False
adzuna_4686706181,Data Analyst,,"Mumbai, Maharashtra",,"Job description Conducting the Validation & Audit at MSO & local operators Digital Head-ends to ensure System has complying the TRAI Norms & also help to stop Revenue leakages. Technical support & activated on the trouble shooting at DTH, MSO local operator level to ensure for channels are running on the ground. Antipiracy activities TS recording on ground level and analyze",,2024-05-10 07:38:59+00:00,Adzuna,https://www.adzuna.in/details/4686706181?utm_medium=api&utm_source=8944a0ae,2026-09-08 06:06:17.010378+00:00,,,,IT Jobs,376,True,False
adzuna_4686706169,Data Analyst,,"Gurgaon, Haryana",,"Job brief We are looking for a passionate professional to turn data into information, information into insight and insight into business decisions. The responsibilities include monitoring full ETL lifecycle activities to include requirements analysis and design, developing analysis and reporting capabilities, continuously monitoring performance and quality control plans to identify improvements. The candidate should also be capable enough to handle adhoc data requirements into the required form…",,2024-05-10 07:38:59+00:00,Adzuna,https://www.adzuna.in/details/4686706169?utm_medium=api&utm_source=8944a0ae,2026-09-08 06:06:17.010320+00:00,,,,IT Jobs,500,True,False
adzuna_4686705015,Data Analyst,,"Chennai, Tamil Nadu",,"HiWelcome students, ladies, to allDo u have a free time? Do u want earnings? But u want to know genuine websites and jobs. I will guide u. Computer job nternational project u will get. If u want WhatsApp 2. Details r all in text file. U want to buy RS.150 only",,2024-05-10 07:38:52+00:00,Adzuna,https://www.adzuna.in/details/4686705015?utm_medium=api&utm_source=8944a0ae,2026-09-08 06:06:17.010433+00:00,,,,Trade & Construction Jobs,260,True,False
adzuna_4686704999,Data Analyst,,"Hyderabad, Telangana",,"Data gathering/ Research Assist team leaders in gathering and verifying data through primary and secondary research methods using internal and external tools Organize, participate and document Project related interviews, focus group discussions etc. Connect with support teams (L&D, HR, Finance, Marketing teams etc.) to collate data and provide clients any required data, analyses, reports or recommendations. Verify accuracy of data and identify missing or conflicting data Share insights from fin…",,2024-05-10 07:38:52+00:00,Adzuna,https://www.adzuna.in/details/4686704999?utm_medium=api&utm_source=8944a0ae,2026-09-08 06:06:17.010116+00:00,,,,Trade & Construction Jobs,500,True,False
adzuna_4686704927,Data Analyst,,"Vadodara, Gujarat",,"We are Hiring for ( Data Analyst ) ( Desired Candidate Profile: Checking ) Analysis and entering data in databases working in a Emergency Control Room and working on Logistics Portal Interface and GPS, Good Communication skill (Hindi & English) Employee Condition:- · Job Location is Vadodara · Girls only work in ‘A’ and ‘B’ Shift · Bond Period is 1 Years and breach to which is strictly not allowed. Special Request / Permissions shall be reviewed for by higher management is case of relieving · R…",,2024-05-10 07:38:51+00:00,Adzuna,https://www.adzuna.in/details/4686704927?utm_medium=api&utm_source=8944a0ae,2026-09-08 06:05:57.744949+00:00,,,,IT Jobs,500,True,False
adzuna_4686704238,Data Analyst,,"Thiruvananthapuram, Kerala",,Immediate requirement for the post of Data Analyst on rotation Shift (Male or Female). Persons only willing to work in both shifts need to apply.careers.coretechgmail.comorplease contact 9.4.nine.6.8.1.5.6.3.0,,2024-05-10 07:38:46+00:00,Adzuna,https://www.adzuna.in/details/4686704238?utm_medium=api&utm_source=8944a0ae,2026-09-08 06:05:51.064841+00:00,,,,IT Jobs,209,True,False
adzuna_4665943640,Data Analyst,Grubbrr systems Pvt Ltd,"Ahmedabad, Gujarat",,"Job Responsibility: * Coordinate with CSMs to complete Pilot sales tracker, QBR Decks, End of pilot Decks *Monitor Daily Sales volume and alert CSMs of Locations with Low volume counts *Collaborate with other teammates to extract data figures, data entry (Google Sheets & Google Slides), and monitor key performance indicators (KPIs) to determine business initiatives’ success *Helping in Minor Integration Changes *Helping with Tickets and giving support when required * Basic product knowledge of …",,2024-04-26 16:15:16+00:00,Adzuna,https://www.adzuna.in/details/4665943640?utm_medium=api&utm_source=8944a0ae,2026-09-08 06:06:08.965057+00:00,300000.0,900000.0,full_time,IT Jobs,500,True,True
adzuna_4547502405,Data analyst,Cadila Zydus healthcare pvt ltd,India,,"Interpret data, analyze results using statistical techniques and provide ongoing reports Develop and implement databases, data collection systems, data analytics and other strategies that optimize statistical efficiency and quality Acquire data from primary or secondary data sources and maintain databases/data systems Identify, analyze, and interpret trends or patterns in complex data sets Filter and “clean” data by reviewing computer reports, printouts, and performance indicators to locate and…",,2024-01-28 15:26:17+00:00,Adzuna,https://www.adzuna.in/details/4547502405?utm_medium=api&utm_source=8944a0ae,2026-09-08 06:06:08.964576+00:00,700000.0,1000000.0,full_time,IT Jobs,500,True,True
adzuna_4514376622,Data Analyst,Qrata,"Delhi, India",,"Job Title: Data Analyst Job Brief: The successful candidate will turn data into information, information into insight and insight into business decisions. Data Analyst Job Duties Data analyst responsibilities include conducting full lifecycle analysis to include requirements, activities and design. Data analysts will develop analysis and reporting capabilities. They will also monitor performance and quality control plans to identify improvements. About Us We began in 2015 with an entrepreneuria…",,2024-01-07 15:08:07+00:00,Adzuna,https://www.adzuna.in/details/4514376622?utm_medium=api&utm_source=8944a0ae,2026-09-08 06:05:53.307444+00:00,1000000.0,1200000.0,full_time,IT Jobs,500,True,True
adzuna_4514376189,Data Analyst,Qrata,"Delhi, India",,"Job Title Data Analyst Job Brief The successful candidate will turn data into information, information into insight and insight into business decisions. Data Analyst Job Duties Data analyst responsibilities include conducting full lifecycle analysis to include requirements, activities and design. Data analysts will develop analysis and reporting capabilities. They will also monitor performance and quality control plans to identify improvements. Responsibilities ● Interpret data, analyze results…",,2024-01-07 15:07:49+00:00,Adzuna,https://www.adzuna.in/details/4514376189?utm_medium=api&utm_source=8944a0ae,2026-09-08 06:05:53.307889+00:00,800000.0,1300000.0,full_time,IT Jobs,500,True,True
adzuna_4514376058,Data Analyst,Qrata,"Mumbai, Maharashtra",,"DATA ANALYST About: We allows customers to ""buy now and pay later"" for goods and services purchased online and offline portals. It's a rapidly growing organization opening up new avenues of payments for online and offline customers. Role: Define and continuously refine the analytics roadmap. Build, Deploy and Maintain the data infrastructure that supports all of the analysis, including the data warehouse and various data marts Build, deploy and maintain the predictive models and scoring infrast…",,2024-01-07 15:07:43+00:00,Adzuna,https://www.adzuna.in/details/4514376058?utm_medium=api&utm_source=8944a0ae,2026-09-08 06:06:00.620573+00:00,500000.0,1000000.0,full_time,IT Jobs,500,True,True
adzuna_4441560027,Marketing Data Analyst,LNW TECHNOLOGY CO LTD,India,,"Marketing Operations is a critical team under the Marketing Communication BPO Operations umbrella that prioritizes the lead lifecycle, manages day-to-day marketing initiatives, and the organization’s MarTech stack. A Marketing and Communication Support company providing customer care & support, technical support services, and back-end support to accounts engaged in interactive online sports gaming activities. In this role, you can expect to: ● Work in a Business Process Outsourcing (BPO) Module…",,2023-11-19 14:53:13+00:00,Adzuna,https://www.adzuna.in/details/4441560027?utm_medium=api&utm_source=8944a0ae,2026-09-08 06:06:30.923596+00:00,100000.0,700000.0,full_time,"PR, Advertising & Marketing Jobs",500,True,True
adzuna_4411060128,Data Analyst,Stanza Living,India,,"Who we are: Stanza Living is India’s largest and fastest growing tech-enabled, managed accommodation company that delivers a hospitality-led living experience to migrant students and young working professionals across India. We have a full-stack business model that focuses on design, development and delivery of daily living solutions tailored to the young consumers’ lifestyle. From smartly-planned residences, host of amenities and services for hassle-free living to exclusive community engagemen…",,2023-11-03 14:48:03+00:00,Adzuna,https://www.adzuna.in/details/4411060128?utm_medium=api&utm_source=8944a0ae,2026-09-08 06:06:11.882267+00:00,600000.0,900000.0,full_time,IT Jobs,500,True,True
adzuna_4386563730,Data Analyst (SQL),Merito,"Mumbai, Maharashtra",,"About us :- Merito is a curated talent platform where we identify, assess, and connect candidates for matching job opportunities. We are working with the mission to change the way hiring is done. The company is founded by a team of alumni from IIM Ahmedabad, McKinsey with more than 2 decades of experience in recruitment, training, and coaching. About our Client :- Our client is an InsureTech platform backed by a major retail giant that offers contextual insurance in a blink. We are a team of co…",,2023-10-22 13:49:04+00:00,Adzuna,https://www.adzuna.in/details/4386563730?utm_medium=api&utm_source=8944a0ae,2026-09-08 06:06:22.773825+00:00,600000.0,800000.0,full_time,IT Jobs,500,True,True
adzuna_4344578568,Data Analyst,Jobdost,"Bangalore, Karnataka",,"About the role: We are looking for a motivated data analyst with sound experience in handling web/ digital analytics, to join us as part of the Kapiva D2C Business Team. This team is primarily responsible for driving sales and customer engagement on our website. This channel has grown 5x in revenue over the last 12 months and is poised to grow another 5x over the next six. It represents a high-growth, important part of our overall e-commerce growth strategy. The mandate here is to run an end-to…",,2023-10-02 13:22:30+00:00,Adzuna,https://www.adzuna.in/details/4344578568?utm_medium=api&utm_source=8944a0ae,2026-09-08 06:05:57.745253+00:00,0.0,500000.0,full_time,IT Jobs,500,True,True
adzuna_4344577959,Data Analyst,Jobdost,"Delhi, India",,"What you will do: Understand the process of CaaStle business teams, KPIs, and pain points Build scalable data products, self-service tools, data cubes to analyze and present data associated with acquisition, retention, product performance, operations, client services, etc. Closely partner with data engineering, product, and business teams and participate in requirements capture, research design, data collection, dashboard generation, and translation of results into actionable insights that can …",,2023-10-02 13:22:26+00:00,Adzuna,https://www.adzuna.in/details/4344577959?utm_medium=api&utm_source=8944a0ae,2026-09-08 06:06:08.964528+00:00,100000.0,600000.0,full_time,"Energy, Oil & Gas Jobs",500,True,True
adzuna_4282822424,Data Analyst,Recro,"Bangalore, Karnataka",,Job Description: Looking for someone with 2 years Strong experience over Python SQL. Very proficient with the problem solving. Good Communication Skills. Skills:- Python,,2023-08-29 13:12:02+00:00,Adzuna,https://www.adzuna.in/details/4282822424?utm_medium=api&utm_source=8944a0ae,2026-09-08 06:06:11.882468+00:00,,,full_time,IT Jobs,169,True,False
adzuna_4158049546,Data Analyst,DAZN,"Hyderabad, Telangana",,"Is your next career move to work in a team which uses data, reporting and analytical skills to help answer business questions to make DAZN a data-driven company? DAZN is a tech-first sport streaming platform that reaches millions of users every week. We are challenging a traditional industry and giving power back to the fans. Our new Hyderabad tech hub will be the engine that drives us forward to the future. We’re pushing boundaries and doing things no-one has done before. Here, you have the op…",,2023-06-18 16:46:34+00:00,Adzuna,https://www.adzuna.in/details/4158049546?utm_medium=api&utm_source=8944a0ae,2026-09-08 06:06:03.526485+00:00,,,full_time,IT Jobs,500,True,False
adzuna_3801594068,Data Analyst,Talent500 by ANSR,"Bangalore, Karnataka",,"Primary Duties and Responsibilities Experience with Informatica Multidomain MDM 10.4 tool suite preferred Partnering with data architects and engineers to ensure an optimal data model design and implementation for each MDM domain in accordance with industry and MDM best practices Works with data governance and business steward(s) to design, develop, and configure business rules for data validation, standardize, match, and merge Implementation of Data Quality policies, procedures and standards a…",,2022-12-26 06:16:30+00:00,Adzuna,https://www.adzuna.in/details/3801594068?utm_medium=api&utm_source=8944a0ae,2026-09-08 06:06:11.882088+00:00,1000000.0,3000000.0,full_time,IT Jobs,500,True,True
adzuna_3679469504,Data Analyst,Indium Software,"Bangalore, Karnataka",,"2 years of Analytics with predominant experience in SQL, SAS, Statistics, R , Python, Visualization Experienced in writing complex SQL select queries ( window functions & CTE’s) with advanced SQL experience Should be an individual contributor for initial few months based on project movement team will be aligned Strong in querying logic and data interpretation Solid communication and articulation skills Able to handle stakeholders independently with less interventions of reporting manager Develo…",,2022-11-11 06:35:47+00:00,Adzuna,https://www.adzuna.in/details/3679469504?utm_medium=api&utm_source=8944a0ae,2026-09-08 06:06:08.964305+00:00,100000.0,1500000.0,full_time,IT Jobs,500,True,True
adzuna_3529447917,HR Data Analyst,Hiringhut Solutions Pvt Ltd,India,,"Job Title: HR Data Analyst Reports To: HR Business Partner Duties Collect and compile HR metrics and data from the global HR team using internal SharePoint site as well as Excel files from local HRIS systems Analyze data on a monthly, quarterly, and annual basis regarding recruitment and attrition Prepare data reports using Excel and Power Point Ensure data integrity by identifying issues and fixing errors either in SharePoint or local HRIS system Track recruitment costs on a regional and globa…",,2022-09-28 06:58:21+00:00,Adzuna,https://www.adzuna.in/details/3529447917?utm_medium=api&utm_source=8944a0ae,2026-09-08 06:06:25.651987+00:00,800000.0,1500000.0,full_time,IT Jobs,500,True,True
adzuna_3337906172,Data Analyst,Mr n Mrs Pet,"Jaipur, Rajasthan",,"Requirements: Bachelor’s degree from university or college in computer science. Work experience as a data analyst or in a related field. Ability to work with stakeholders to assess potential risks. Ability to analyse existing tools and databases and provide software solution recommendations. Ability to translate business requirements into non-technical, lay terms. High-level experience in methodologies and processes for managing large-scale databases. Demonstrated experience in handling large d…",,2022-07-22 06:48:32+00:00,Adzuna,https://www.adzuna.in/details/3337906172?utm_medium=api&utm_source=8944a0ae,2026-09-08 06:06:00.620432+00:00,100000.0,300000.0,full_time,IT Jobs,500,True,True
adzuna_3189580389,Data Analyst,Beauto Systems Private Limited,India,,"Knowledge of database languages such as SQL, NoSQL, AWS services, linux or Python Knowledge in PowerBI Good to have knowledge in Kibana (visualization) and Kibana Development tools Analytical and problem-solving skills Proficiency in Microsoft Excel Data visualization (simple aggregation-based charts to complex geo-based visualizations) Accuracy and excellent attention to detail Strong written/verbal communication skills Qualifications and Experience 3 years’ experience in Data Analysis or rele…",,2022-06-02 06:13:33+00:00,Adzuna,https://www.adzuna.in/details/3189580389?utm_medium=api&utm_source=8944a0ae,2026-09-08 06:06:11.882115+00:00,100000.0,500000.0,full_time,IT Jobs,500,True,True
adzuna_3025811339,Data Analyst,Srijan Technologies,India,,"Role Description: You will be part of the data delivery team and will have the opportunity to develop a deep understanding of the domain/function. You will design and drive the work plan for the optimization/automation and standardization of the processes incorporating best practices to achieve efficiency gains. You will run data engineering pipelines, link raw client data with data model, conduct data assessment, perform data quality checks, and transform data using ETL tools. You will perform…",,2022-04-05 05:16:09+00:00,Adzuna,https://www.adzuna.in/details/3025811339?utm_medium=api&utm_source=8944a0ae,2026-09-08 06:06:08.964767+00:00,0.0,1200000.0,full_time,IT Jobs,500,True,True
adzuna_2953661450,Data Analyst,Falcon Autotech,"Noida, Ghaziabad",,"Strong analytical skills with the ability to collect, organize, analyze, and disseminate significant amounts of information with attention to detail and accuracy Expertise of SQL/PL-SQL -ability to write procedures and create queries for reporting purpose. Must have worked on a reporting tool – Power BI/Tableau etc. Strong knowledge of excel/Google Sheets – must have worked with pivot tables, aggregate functions, logical if conditions. Strong verbal and written communication skills for coordina…",,2022-03-08 05:06:27+00:00,Adzuna,https://www.adzuna.in/details/2953661450?utm_medium=api&utm_source=8944a0ae,2026-09-08 06:06:08.963867+00:00,400000.0,700000.0,full_time,IT Jobs,500,True,True
adzuna_2890608757,Data Analyst,Fragma Data Systems,India,,"Good grasp and hands-on exposure to SQL, Hive. Good to have- Azure cloud, Spark sql. 1. Will be the point of contact for reporting/data management needs and will be responsible to drive complex data analysis and propose improvement opportunities in existing tools and reports. 2. The Data Analyst will be responsible to establish best practices in data management, data visualization, and report distribution. 3. Understanding requirements and converting into technical and business delivers. 4. Lev…",,2022-02-12 04:45:18+00:00,Adzuna,https://www.adzuna.in/details/2890608757?utm_medium=api&utm_source=8944a0ae,2026-09-08 06:05:57.744924+00:00,600000.0,800000.0,full_time,IT Jobs,500,True,True
adzuna_2853928283,Sr. Data Analyst,Multi Recruit,"Bangalore, Karnataka",,"We are looking for a Senior Data Analyst who will support our product, sales, leadership, and marketing teams with data collection and organization of data in order to draw conclusions, make predictions, and drive informed decision making. The ideal candidate is adept at using large data sets to find opportunities for product and marketing optimization and using data models to test the effectiveness of different courses of action. Not just that, you also understand how to clean and organize dat…",,2022-01-30 04:34:32+00:00,Adzuna,https://www.adzuna.in/details/2853928283?utm_medium=api&utm_source=8944a0ae,2026-09-08 06:06:34.345930+00:00,2500000.0,3000000.0,full_time,IT Jobs,500,True,True
adzuna_2853928162,Sr. Data Analyst,Multi Recruit,"Bangalore, Karnataka",,"Managing and designing the reporting environment, including data sources, security, and metadata. Preparing reports for executive leadership that effectively communicate trends, patterns, and predictions using relevant data Establish KPIs to measure the effectiveness of business decisions. Work with management to prioritize business and information needs. Provide data solutions, tools, and capabilities to enable self-service frameworks for data consumers Provide expertise and translate the busi…",,2022-01-30 04:34:29+00:00,Adzuna,https://www.adzuna.in/details/2853928162?utm_medium=api&utm_source=8944a0ae,2026-09-08 06:06:19.742367+00:00,600000.0,1500000.0,full_time,IT Jobs,500,True,True
adzuna_2853928118,Data Analyst,Extramarks,"Noida, Ghaziabad",,Required Experience · 3 years of relevant technical experience as a data analyst role · Intermediate / expert skills with SQL and basic statistics · Experience in Advance SQL · Python programming- Added advantage · Strong problem solving and structuring skills · Automation in connecting various sources to the data and representing it through various dashboards · Excellent with Numbers and communicate data points through various reports/templates · Ability to communicate effectively internally a…,,2022-01-30 04:34:28+00:00,Adzuna,https://www.adzuna.in/details/2853928118?utm_medium=api&utm_source=8944a0ae,2026-09-08 06:06:00.620873+00:00,0.0,1000000.0,full_time,IT Jobs,500,True,True
adzuna_2853927974,Data Analyst,Multi Recruit,"Bangalore, Karnataka",,"We are looking for a Business Intelligence (BI)/Data Analyst to create and manage Power Bl and analytics solutions that turn data into knowledge. In this role, you should have a background in data and business analysis. If you are self-directed, passionate about data, and have business acumen and problem-solving aptitude, we'd like to meet you. Ultimately, you will enhance our business intelligence system to help us make better decisions. Requirements and Qualifications BSc/BA in Computer Scien…",,2022-01-30 04:34:26+00:00,Adzuna,https://www.adzuna.in/details/2853927974?utm_medium=api&utm_source=8944a0ae,2026-09-08 06:05:55.548595+00:00,1200000.0,1400000.0,full_time,IT Jobs,500,True,True
adzuna_2830210357,Data Analyst,Amagi Media Labs,"Bangalore, Karnataka",,"Data Analyst Job Description Summary Are you passionate about handling large & complex data problems, want to make an impact and have the desire to work on ground-breaking big data technologies? Then we are looking for you. At Amagi, great ideas have a way of becoming great products, services, and customer experiences very quickly. Bring passion and dedication to your job and there's no telling what you could accomplish. Would you like to work in a fast-paced environment where your technical ab…",,2022-01-21 04:29:35+00:00,Adzuna,https://www.adzuna.in/details/2830210357?utm_medium=api&utm_source=8944a0ae,2026-09-08 06:06:06.227397+00:00,1000000.0,2000000.0,full_time,IT Jobs,500,True,True
adzuna_2830210287,Data Analyst,Amagi Media Labs,"Bangalore, Karnataka",,"1. 2 to 4 years of experience 2. hands on experience using python, sql, tablaue 3. Data Analyst About Amagi ( www.amagi.com ): Amagi is a market leader in cloud based media technology services for channel creation, distribution and ad monetization. Amagi’s cloud technology and managed services is used by TV networks, content owners, sports rights owners and pay TV / OTT platforms to create 24x7 linear channels for OTT and broadcast and deliver them to end consumers. Amagi’s pioneering and marke…",,2022-01-21 04:29:34+00:00,Adzuna,https://www.adzuna.in/details/2830210287?utm_medium=api&utm_source=8944a0ae,2026-09-08 06:06:06.227477+00:00,1000000.0,1400000.0,full_time,IT Jobs,500,True,True
adzuna_2821621318,Data Analyst,Humanitus Learning Science and Consultancy Pvt Limited,India,,"What You’ll Do Synthesize data to provide actionable insights to the leadership and the product team to influence strategy and growth. Build dashboards and tools, craft analysis, and tell stories with data to help our teams make better decisions. Track user performance data and map it to key learning metrics for deeper insights Monitor the performance of new features and recommend iterations based on your findings Partner with other stakeholders to scope features that solve user problems Owners…",,2022-01-18 04:28:04+00:00,Adzuna,https://www.adzuna.in/details/2821621318?utm_medium=api&utm_source=8944a0ae,2026-09-08 06:06:11.882167+00:00,500000.0,700000.0,full_time,IT Jobs,500,True,True
adzuna_2776008869,Data Analyst,Ayoconnect Technology,India,,"Responsible for gathering, crunching, collecting raw data. Own all data needs in the growth team and across key cross-functional initiatives from data extraction, dashboard creation, and data analysis. Provide insights and recommended actions as response to current situation, trend, as well as preventive one for better preparation. Collaborate with data engineering and cross-functional stakeholders to define data requirements, create dashboard, to drive business decisions and optimize business …",,2021-12-30 04:23:05+00:00,Adzuna,https://www.adzuna.in/details/2776008869?utm_medium=api&utm_source=8944a0ae,2026-09-08 06:06:08.964720+00:00,400000.0,1000000.0,full_time,IT Jobs,500,True,True
adzuna_2653476396,Data Analyst,CIEL HR Services,"Bangalore, Karnataka",,"Analytical tool: Redpoint Research and drawing insights Excellent written, oral and presentation skill Critical thinking and problem-solving skill Applications: SQL, Redpoint Description: Create unique fleet rich database using multi step matching rules Critical thinking in identifying record survivor ship rules for identifying master record Data roll-up at different levels, by providing linkage across databases Learn issues clients are currently facing with their dataset Foresee the problems i…",,2021-11-18 04:24:02+00:00,Adzuna,https://www.adzuna.in/details/2653476396?utm_medium=api&utm_source=8944a0ae,2026-09-08 06:06:11.882052+00:00,0.0,1500000.0,full_time,IT Jobs,500,True,True
adzuna_2635526340,Data Analyst,Amazon,"Bangalore, Karnataka",,"Data Analyst Job Description : About GlowRoad: GlowRoad is building India's most profitable social e-commerce platform where resellers share the catalog of products through their network on Facebook, Whatsapp, Instagram, etc and convert them to sales. GlowRoad is on a mission to create micro-entrepreneurs (resellers) who can set up their web-store, market their products and track all transactions through its platform. GlowRoad app has 15M downloads and 1- million MAU's.- GlowRoad has been fund…",,2021-11-12 04:18:09+00:00,Adzuna,https://www.adzuna.in/details/2635526340?utm_medium=api&utm_source=8944a0ae,2026-09-08 06:06:00.620683+00:00,0.0,800000.0,full_time,IT Jobs,499,True,True
adzuna_2631733820,Data Analyst,MedCords,"Kota, Rajasthan",,"Required Python ,R work in handling large-scale data engineering pipelines. Excellent verbal and written communication skills. Proficient in PowerPoint or other presentation tools. Ability to work quickly and accurately on multiple projects. Skills:- R Language and Python",,2021-11-11 04:22:56+00:00,Adzuna,https://www.adzuna.in/details/2631733820?utm_medium=api&utm_source=8944a0ae,2026-09-08 06:06:08.964815+00:00,0.0,250000.0,full_time,IT Jobs,272,True,True
adzuna_2577819167,Data Analyst,zyoin,"Bangalore, Karnataka",,"Location: Bangalore Work Timing: 5 Days A Week Responsibilities include: • Ensure right stakeholders gets right information at right time • Requirement gathering with stakeholders to understand their data requirement • Creating and deploying reports • Participate actively in datamarts design discussions • Work on both RDBMS as well as Big Data for designing BI Solutions • Write code (queries/procedures) in SQL / Hive / Drill that is both functional and elegant, following appropriate design patt…",,2021-10-26 04:51:56+00:00,Adzuna,https://www.adzuna.in/details/2577819167?utm_medium=api&utm_source=8944a0ae,2026-09-08 06:06:11.881956+00:00,500000.0,2100000.0,full_time,IT Jobs,500,True,True
adzuna_2572832371,Data Analyst,BitClass,"Bangalore, Karnataka",,"BitClass, a VC funded startup (backed by the investors or Unacademy, Doubtnut, ShareChat, Meesho among others) in the domain of edtech, is looking for a data analyst to help in making better business decisions using information from the available data. The responsibility is to gather and prepare data from multiple sources, run statistical analyses, and communicate your findings in a clear and objective way. Responsibilities - Understanding the business requirements so as to formulate the proble…",,2021-10-24 04:00:25+00:00,Adzuna,https://www.adzuna.in/details/2572832371?utm_medium=api&utm_source=8944a0ae,2026-09-08 06:06:00.620600+00:00,0.0,1600000.0,full_time,IT Jobs,500,True,True
adzuna_2570069948,Data Analyst- Marketing,Unnati,"Delhi, India",,"Are you looking for a team that is built on comradeship, lets you embrace your individuality and also pays you a handsome compensation? Then read on. Our client is one of the largest shopping and cashback website, that enables all its members to find products from various e-commerce sites like Amazon, Flipkart, Myntra, CliQ etc while allowing to comparing prices for similar products across these sites and also earning handsome cashback or discount coupons for every purchase. Their app and websi…",,2021-10-23 04:34:53+00:00,Adzuna,https://www.adzuna.in/details/2570069948?utm_medium=api&utm_source=8944a0ae,2026-09-08 06:06:34.345106+00:00,0.0,1500000.0,full_time,"PR, Advertising & Marketing Jobs",500,True,True
adzuna_2539490267,Data Analyst,Graphene Services Pte Ltd,"Bangalore, Karnataka",,"About Graphene Graphene is a Singapore Head quartered AI company which has been recognized as Singapore’s Best Start Up By Switzerland’s Seedstarsworld, and also been awarded as best AI platform for healthcare in Vivatech Paris. Graphene India is also a member of the exclusive NASSCOM Deeptech club. We are developing an AI plaform which is disrupting and replacing traditional Market Research with unbiased insights with a focus on healthcare, consumer goods and financial services. Graphene was f…",,2021-10-13 05:52:44+00:00,Adzuna,https://www.adzuna.in/details/2539490267?utm_medium=api&utm_source=8944a0ae,2026-09-08 06:05:57.745083+00:00,,,full_time,IT Jobs,500,True,False
adzuna_2500155500,Data Analyst,Reality Premedia Services Pvt Ltd,"Pune, Maharashtra",,"We at Reality Premedia pvt ltd is looking for Data Analyst for Pune location. Must have experience in BFSC domain. Exp- Min 3yrs Location- Pune Mandatory Skills- Exp in powerBI/Tableau, SQL Basic Python Skills:- Tableau, PowerBI and Data Analytics",,2021-09-29 05:01:45+00:00,Adzuna,https://www.adzuna.in/details/2500155500?utm_medium=api&utm_source=8944a0ae,2026-09-08 06:05:55.547869+00:00,0.0,800000.0,full_time,IT Jobs,247,True,True
adzuna_2449398766,Data Analyst,Syrencloud,"Hyderabad, Telangana",,"Our growing technology firm is looking for an experienced Data Analyst who is able to turn project requirements into custom-formatted data reports. The ideal candidate for this position is able to do complete life cycle data generation and outline critical information for each Project Manager. We also need someone who is able to analyze business procedures and recommend specific types of data that can be used to improve upon them. Skills:- SQL, SAP and Data Analytics",,2021-09-11 02:17:17+00:00,Adzuna,https://www.adzuna.in/details/2449398766?utm_medium=api&utm_source=8944a0ae,2026-09-08 06:05:57.744838+00:00,0.0,800000.0,full_time,IT Jobs,471,True,True
adzuna_2433361449,Data Analyst,MSMEx,"Mumbai, Maharashtra",,We are looking for a Data Analyst that oversees organisational data analytics. This will require you to design and help implement the data analytics platform that will keep the organisation running. The team will be the go-to for all data needs for the app and we are looking for a self-starter who is hands on and yet able to abstract problems and anticipate data requirements. This person should be very strong technical data analyst who can design and implement data systems on his own. Along wit…,,2021-09-05 02:42:02+00:00,Adzuna,https://www.adzuna.in/details/2433361449?utm_medium=api&utm_source=8944a0ae,2026-09-08 06:05:57.744749+00:00,0.0,1200000.0,full_time,IT Jobs,500,True,True
adzuna_2403881225,Data Analyst,Multi Recruit,"Bangalore, Karnataka",,Measure the sales effectiveness efforts using data science/app/digital nudges. Should be able to work on the clickstream data Should be well versed and willing to work hands-on various Machine Learning techniques Skills Ability to lead a team of 5-6 members. Ability to work with large data sets and present conclusions to key stakeholders. Develop a clear understanding of the client’s business issue to inform the best approach to the problem. Root-cause analysis Define data requirements for crea…,,2021-08-24 22:37:13+00:00,Adzuna,https://www.adzuna.in/details/2403881225?utm_medium=api&utm_source=8944a0ae,2026-09-08 06:05:57.745016+00:00,500000.0,1500000.0,full_time,IT Jobs,500,True,True
adzuna_2398472113,Data Analyst - SQL,Unnati,"Mumbai, Maharashtra",,"Want to join the trailblazing Fintech company which is leveraging software and technology to change the face of short-term financing in India Our client is an innovative Fintech company that is revolutionizing the business of short term finance. The company is an online lending startup that is driven by an app-enabled technology platform to solve the funding challenges of SMEs by offering quick-turnaround, paperless business loans without collateral. It counts over 2 million small businesses ac…",,2021-08-21 21:23:15+00:00,Adzuna,https://www.adzuna.in/details/2398472113?utm_medium=api&utm_source=8944a0ae,2026-09-08 06:06:30.924124+00:00,700000.0,1000000.0,full_time,IT Jobs,500,True,True
adzuna_2398472037,Data Analyst,Azent Overseas,"Mumbai, Maharashtra",,"Data auditing, validating and monitoring all data for accuracy. Create daily, weekly, monthly and quarterly MIS report. Coordinating & collecting the data Updated the data in CRM Skills:- Microsoft Excel",,2021-08-21 21:23:03+00:00,Adzuna,https://www.adzuna.in/details/2398472037?utm_medium=api&utm_source=8944a0ae,2026-09-08 06:06:08.964624+00:00,0.0,700000.0,full_time,Accounting & Finance Jobs,203,True,True
adzuna_2346068207,Data Analyst,Impact Guru,"Mumbai, Maharashtra",,"Experience - 2 years to 5 years. Location - Andheri (Mumbai) Job Responsibilities: Excellent problem solving and analytical skills - ability to develop hypotheses, understand and interpret data within the context of the product / business - solve problems and distill data into actionable recommendations.  Strong communication skills with the ability to confidently work with cross- functional teams across the globe and to present information to all levels of the organization.  Intellectual and…",,2021-07-28 21:11:50+00:00,Adzuna,https://www.adzuna.in/details/2346068207?utm_medium=api&utm_source=8944a0ae,2026-09-08 06:06:08.964671+00:00,300000.0,900000.0,full_time,IT Jobs,500,True,True
adzuna_2247134476,Data Analyst,Indium Software,India,,"The Data Analyst in the CoE will provide end to end solution development, working in conjunction with the Domain Leads and Technology Partners. He is responsible for the delivery of solutions and solution changes which are driven by the business requirements as well as providing technical and development capabilities. Knowledge Skills:- Apache Synapse, SQL, SAP MDG ( Master Data Governance), Python and Data Analytics",,2021-06-12 12:42:07+00:00,Adzuna,https://www.adzuna.in/details/2247134476?utm_medium=api&utm_source=8944a0ae,2026-09-08 06:05:55.548140+00:00,250000.0,800000.0,full_time,IT Jobs,420,True,True
adzuna_2177266370,Data Analyst,Marktine,"Bangalore, Karnataka",,"Immediate Joiners Preferred NOTE: Working Shift: 11 am - 8 pm IST (/- one hour on need basis) Monday to Friday Responsibilities : 1. Leverage Alteryx to build, maintain, execute and deliver data assets. This entails using data analytics tools (combination of proprietary tools, Excel, and scripting), validating raw data quality, and working with Tableau/ Power BI and other geospatial data visualization applications 2. Analyze large data sets in Alteryx, finding patterns and providing a concise s…",,2021-05-11 13:01:41+00:00,Adzuna,https://www.adzuna.in/details/2177266370?utm_medium=api&utm_source=8944a0ae,2026-09-08 06:06:08.963994+00:00,0.0,1500000.0,full_time,IT Jobs,500,True,True
adzuna_1993882092,Data Analyst,SveltetechTechnologies Pvt Ltd,"Delhi, India",,"Data Analyst Job Duties Data analyst responsibilities include conducting full lifecycle analysis to include requirements, activities and design. Data analysts will develop analysis and reporting capabilities. They will also monitor performance and quality control plans to identify improvements. Responsibilities Interpret data, analyze results using statistical techniques and provide ongoing reports Develop and implement databases, data collection systems, data analytics and other strategies tha…",,2021-02-15 04:27:43+00:00,Adzuna,https://www.adzuna.in/details/1993882092?utm_medium=api&utm_source=8944a0ae,2026-09-08 06:05:51.065182+00:00,0.0,300000.0,full_time,IT Jobs,500,True,True
adzuna_1970273576,Financial Data Analyst,Nirvana Solutions,India,,"Job Title - Senior Financial Data Analyst. Experience Required - 2 - 4 years. Job Location - Gurugram (Haryana). Salary Offered - As per industry standard. Selection process - Aptitude test followed by F2F interview and Final HR interview Qualification - MBA Finance Shift - Night Shift About Nirvana Nirvana Solutions is a financial technology & services provider that delivers integrated and modular front, middle and back office solutions to a wide array of financial firms, including hedge funds…",,2021-02-04 03:40:40+00:00,Adzuna,https://www.adzuna.in/details/1970273576?utm_medium=api&utm_source=8944a0ae,2026-09-08 06:06:34.345456+00:00,0.0,300000.0,full_time,Accounting & Finance Jobs,500,True,True
adzuna_1762829126,Data Analyst,Awign,"Bangalore, Karnataka",,We are looking for a result-driven candidate to join our analytics team as a Data Analyst. Duties And Responsibilities 1. Work closely with Operation Head to setup reporting structures using complex formula(s) over Google Sheets. 2. Should be able to use Google Apps Script towards creating simple applications for ongoing projects/clients. 3. To run a detailed analysis of project-level data to generate additional insights for clients in the form of analytical dashboards. 4. To build trackers for…,,2020-10-15 02:16:09+00:00,Adzuna,https://www.adzuna.in/details/1762829126?utm_medium=api&utm_source=8944a0ae,2026-09-08 06:06:00.620492+00:00,400000.0,700000.0,full_time,IT Jobs,500,True,True
adzuna_1712428599,Data Analyst,Namaste Credit,"Bangalore, Karnataka",,"About the Role The following Job Specification is intended to reflect the nature, range and context of the work. It identifies the main requirements of the job but is not an exhaustive list of duties. The Data Analyst role is a vital role as to be a sole point of contact responsible for closely working with various teams internally and closely working with the CTO. This role typically requires the resource to analyse the vast number of datasets and provide a meaningful impact and the result of …",,2020-09-19 01:45:32+00:00,Adzuna,https://www.adzuna.in/details/1712428599?utm_medium=api&utm_source=8944a0ae,2026-09-08 06:05:53.308230+00:00,500000.0,1000000.0,full_time,IT Jobs,500,True,True
adzuna_1422966819,Data Analyst,Yulu Bikes,"Bangalore, Karnataka",,"Skill Set SQL, Python, Numpy,Pandas,Knowledge of Hive and Data warehousing concept will be a plus point. JD - Strong analytical skills with the ability to collect, organise, analyse and interpret trends or patterns in complex data sets and provide reports & visualisations. - Work with management to prioritise business KPIs and information needs Locate and define new process improvement opportunities. - Technical expertise with data models, database design and development, data mining and segmen…",,2020-01-25 17:57:23+00:00,Adzuna,https://www.adzuna.in/details/1422966819?utm_medium=api&utm_source=8944a0ae,2026-09-08 06:06:11.882142+00:00,700000.0,1200000.0,full_time,IT Jobs,500,True,True
adzuna_1353179357,Data Analyst,PayU,"Gurgaon, Haryana",,"What you will be doing: As a part of the Global Credit Risk and Data Analytics team, this person will be responsible for carrying out analytical initiatives which will be as follows: - Dive into the data and identify patterns Development of end-to-end Credit models and credit policy for our existing credit products Leverage alternate data to develop best-in-class underwriting models Working on Big Data to develop risk analytical solutions Development of Fraud models and fraud rule engine Collab…",,2019-11-27 10:00:27+00:00,Adzuna,https://www.adzuna.in/details/1353179357?utm_medium=api&utm_source=8944a0ae,2026-09-08 06:06:08.964962+00:00,700000.0,1500000.0,full_time,IT Jobs,500,True,True
adzuna_1186076365,Data Analyst,The Smart Cube,"Noida, Ghaziabad",,"• Act as a lead analyst on various data analytics projects aiding strategic decision making for Fortune 500 / FTSE 100 companies, Blue Chip Consulting Firms and Global Financial Services companies • Understand the client objectives, and work with the PL to design the analytical solution/framework. Be able to translate the client objectives / analytical plan into clear deliverables with associated priorities and constraints • Collect/Organize/Prepare/Manage data for the analysis and conduct qual…",,2019-06-20 23:29:15+00:00,Adzuna,https://www.adzuna.in/details/1186076365?utm_medium=api&utm_source=8944a0ae,2026-09-08 06:06:06.227831+00:00,200000.0,500000.0,full_time,IT Jobs,500,True,True
adzuna_1186010488,Data Analyst,Dotball Interactive Private Limited,"Bangalore, Karnataka",,"- Excellent skill in SQL and SQL tools - Fantasy Gamer - Excited to dive deep into data and derive insights - Decent communication and writing skills - Interested in Automated solutions - Startup and Growth Mindset - Analytical Data mining thinking - Python - Good programmer Skills: Python, Data Analytics and SQL server",,2019-06-20 21:36:33+00:00,Adzuna,https://www.adzuna.in/details/1186010488?utm_medium=api&utm_source=8944a0ae,2026-09-08 06:06:08.965010+00:00,300000.0,600000.0,full_time,IT Jobs,321,True,True
adzuna_1171509680,Data Analyst,Malaysian Global Innovation and Creativity Centre,India,,"MaGIC Technology and Product team is looking for a data analyst to help expand and improve data on startups, investors, and founders in the ASEAN region. As part of the data team on our Startup Database product, you will assist in maintaining the accuracy of information on startups and investors, and continuously update our repository with latest publicly available data on the same. The job offers a high degree of autonomy and will also see you playing a leading role in the analysis of the data…",,2019-06-05 21:12:29+00:00,Adzuna,https://www.adzuna.in/details/1171509680?utm_medium=api&utm_source=8944a0ae,2026-09-08 06:05:53.308126+00:00,500000.0,1000000.0,contract,IT Jobs,500,True,True
adzuna_1171509599,Data Analyst,Rocket Kommerce,"Bangalore, Karnataka",,"Rocket Kommerce LLP: We are a Bangalore-based top-tier stealth-mode e-commerce enabling technology & solutions company powering several brands and leading e-commerce companies in India. Our product is a Cloud-based SaaS Inventory, Warehouse Management & Omni-Channel Solution. We have deep relationships with leading e-commerce companies in India and have processed over Rs 1500 crore of GMV. We are building out our product and technology platform and other services anticipating HUGE demand over n…",,2019-06-05 21:12:28+00:00,Adzuna,https://www.adzuna.in/details/1171509599?utm_medium=api&utm_source=8944a0ae,2026-09-08 06:06:11.882191+00:00,500000.0,800000.0,full_time,IT Jobs,500,True,True
adzuna_1171507526,Data Analyst,Ingrainhub,"Bangalore, Karnataka",,"Good knowledge of SQL , Microsoft Excel One Programming language in SAA/Python or R Skills: R Programming, Python and MS-Excel",,2019-06-05 21:12:09+00:00,Adzuna,https://www.adzuna.in/details/1171507526?utm_medium=api&utm_source=8944a0ae,2026-09-08 06:06:08.964865+00:00,300000.0,1200000.0,full_time,IT Jobs,126,True,True
adzuna_1155089882,Data Analyst,TechNex Technologies Private Limited,"Pune, Maharashtra",,"Good Opportunity to work with an IT Company. Can Learn new things with out any experience. And many other good thing. Skills: MS Office, Typing and English Proficiency",,2019-05-17 21:02:48+00:00,Adzuna,https://www.adzuna.in/details/1155089882?utm_medium=api&utm_source=8944a0ae,2026-09-08 06:06:08.964914+00:00,,,full_time,Admin Jobs,167,True,False
